ADMISSION NO.,LOAN TYPE,PRODUCT,LOAN NO.,CROP / PURPOSE,LEDGER FOLIO NO.,SCHEME,SANCTION DATE,SANCTION AMOUNT,Loan Period( In Months),Due Date,ROI,Penal ROI,ROI After Due Date,REPAYMENT MODE,GESTATION PERIOD,FIRST INSTALLMENT DUE DATE,INSTALLMENT AMOUNT,DPN NO.,LA NO.,LC NO.,LC DATE,DCCB NO.,Outstanding Principal (Rs.),Outstanding Interest (Rs.)
510,Other Loans,Small Business Development Loan,10,Small Business Loans ,1,Normal,25-10-2017,"2,00,000.00 ",12,24-10-2018,15,3,18,Yearly,,,,,,,,,"2,00,000.00 ",
28,Other Loans,Small Business Development Loan,44,Small Business Loans ,1,Normal,19-01-2021,"1,00,000.00 ",12,18-01-2022,15,3,18,Yearly,,,,,,,,,"1,00,000.00 ",
1313,Other Loans,Small Business Development Loan,122,Small Business Loans ,1,Normal,02-03-2024,"2,00,000.00 ",12,01-03-2025,15,3,18,Yearly,,,,,,,,,"2,00,000.00 ",
1422,Other Loans,Small Business Development Loan,150,Small Business Loans ,1,Normal,15-03-2021,"30,000.00 ",12,14-03-2022,15,3,18,Yearly,,,,,,,,,"30,000.00 ",
1492,Other Loans,Small Business Development Loan,165,Small Business Loans ,1,Normal,03-06-2023,"25,000.00 ",12,01-06-2024,15,3,18,Yearly,,,,,,,,,"25,000.00 ",
1385,Other Loans,Small Business Development Loan,169,Small Business Loans ,1,Normal,27-03-2024,"1,00,000.00 ",12,26-03-2025,15,3,18,Yearly,,,,,,,,,"1,00,000.00 ",
1495,Other Loans,Small Business Development Loan,170,Small Business Loans ,1,Normal,11-08-2021,"2,00,000.00 ",12,10-08-2022,15,3,18,Yearly,,,,,,,,,"2,00,000.00 ",
1499,Other Loans,Small Business Development Loan,175,Small Business Loans ,1,Normal,16-02-2024,"31,970.00 ",12,14-02-2025,15,3,18,Yearly,,,,,,,,,"31,970.00 ",
1740,Other Loans,Small Business Development Loan,335,Small Business Loans ,1,Normal,17-02-2024,"2,00,000.00 ",12,15-02-2025,15,3,18,Yearly,,,,,,,,,"2,00,000.00 ",
1657,Other Loans,Small Business Development Loan,472,Small Business Loans ,1,Normal,02-06-2023,"1,25,000.00 ",12,31-05-2024,15,3,18,Yearly,,,,,,,,,"1,25,000.00 ",
501,Other Loans,Small Business Development Loan,477,Small Business Loans ,1,Normal,13-03-2024,"50,000.00 ",12,12-03-2025,15,3,18,Yearly,,,,,,,,,"50,000.00 ",
1185,Other Loans,Small Business Development Loan,489,Small Business Loans ,1,Normal,15-05-2023,"1,00,000.00 ",12,13-05-2024,15,3,18,Yearly,,,,,,,,,"1,00,000.00 ",
646,Other Loans,Small Business Development Loan,498,Small Business Loans ,1,Normal,14-10-2022,"50,000.00 ",12,13-10-2023,15,3,18,Yearly,,,,,,,,,"50,000.00 ",
1654,Other Loans,Small Business Development Loan,533,Small Business Loans ,1,Normal,27-03-2024,"30,000.00 ",12,26-03-2025,15,3,18,Yearly,,,,,,,,,"30,000.00 ",
1640,Other Loans,Small Business Development Loan,582,Small Business Loans ,1,Normal,18-05-2023,"1,00,000.00 ",12,16-05-2024,15,3,18,Yearly,,,,,,,,,"1,00,000.00 ",
1352,Other Loans,Small Business Development Loan,589,Small Business Loans ,1,Normal,11-09-2023,"30,000.00 ",12,09-09-2024,15,3,18,Yearly,,,,,,,,,"30,000.00 ",
62,Other Loans,Small Business Development Loan,595,Small Business Loans ,1,Normal,07-02-2024,"51,500.00 ",12,05-02-2025,15,3,18,Yearly,,,,,,,,,"51,500.00 ",
762,Other Loans,Small Business Development Loan,599,Small Business Loans ,1,Normal,11-03-2024,"25,000.00 ",12,10-03-2025,15,3,18,Yearly,,,,,,,,,"25,000.00 ",
1062,Other Loans,Small Business Development Loan,600,Small Business Loans ,1,Normal,30-03-2022,"25,000.00 ",12,29-03-2023,15,3,18,Yearly,,,,,,,,,"25,000.00 ",
1439,Other Loans,Small Business Development Loan,602,Small Business Loans ,1,Normal,23-08-2023,"50,000.00 ",12,21-08-2024,15,3,18,Yearly,,,,,,,,,"50,000.00 ",
376,Other Loans,Small Business Development Loan,604,Small Business Loans ,1,Normal,06-10-2022,"34,000.00 ",12,05-10-2023,15,3,18,Yearly,,,,,,,,,"34,000.00 ",
42,Other Loans,Small Business Development Loan,612,Small Business Loans ,1,Normal,20-01-2024,"2,00,000.00 ",12,18-01-2025,15,3,18,Yearly,,,,,,,,,"2,00,000.00 ",
453,Other Loans,Small Business Development Loan,613,Small Business Loans ,1,Normal,29-03-2019,"2,00,000.00 ",12,27-03-2020,15,3,18,Yearly,,,,,,,,,"2,00,000.00 ",
519,Other Loans,Small Business Development Loan,614,Small Business Loans ,1,Normal,29-03-2019,"2,00,000.00 ",12,27-03-2020,15,3,18,Yearly,,,,,,,,,"2,00,000.00 ",
53,Other Loans,Small Business Development Loan,615,Small Business Loans ,1,Normal,29-03-2019,"2,00,000.00 ",12,27-03-2020,15,3,18,Yearly,,,,,,,,,"2,00,000.00 ",
584,Other Loans,Small Business Development Loan,616,Small Business Loans ,1,Normal,29-03-2019,"2,00,000.00 ",12,27-03-2020,15,3,18,Yearly,,,,,,,,,"2,00,000.00 ",
1309,Other Loans,Small Business Development Loan,624,Small Business Loans ,1,Normal,14-09-2020,"50,000.00 ",12,13-09-2021,15,3,18,Yearly,,,,,,,,,"50,000.00 ",
2524,Other Loans,Small Business Development Loan,627,Small Business Loans ,1,Normal,18-10-2023,"2,00,000.00 ",12,16-10-2024,15,3,18,Yearly,,,,,,,,,"2,00,000.00 ",
572,Other Loans,Small Business Development Loan,630,Small Business Loans ,1,Normal,21-02-2024,"50,000.00 ",12,19-02-2025,15,3,18,Yearly,,,,,,,,,"50,000.00 ",
1803,Other Loans,Small Business Development Loan,633,Small Business Loans ,1,Normal,04-08-2023,"30,000.00 ",12,02-08-2024,15,3,18,Yearly,,,,,,,,,"30,000.00 ",
112,Other Loans,Small Business Development Loan,637,Small Business Loans ,1,Normal,30-03-2023,"1,96,670.00 ",12,28-03-2024,15,3,18,Yearly,,,,,,,,,"1,96,670.00 ",
338,Other Loans,Small Business Development Loan,638,Small Business Loans ,1,Normal,24-04-2023,"2,00,000.00 ",12,22-04-2024,15,3,18,Yearly,,,,,,,,,"2,00,000.00 ",
737,Other Loans,Small Business Development Loan,641,Small Business Loans ,1,Normal,13-03-2024,"1,00,000.00 ",12,12-03-2025,15,3,18,Yearly,,,,,,,,,"1,00,000.00 ",
1604,Other Loans,Small Business Development Loan,644,Small Business Loans ,1,Normal,24-04-2023,"50,000.00 ",12,22-04-2024,15,3,18,Yearly,,,,,,,,,"50,000.00 ",
1279,Other Loans,Small Business Development Loan,645,Small Business Loans ,1,Normal,06-10-2023,"2,00,000.00 ",12,04-10-2024,15,3,18,Yearly,,,,,,,,,"2,00,000.00 ",
1300,Other Loans,Small Business Development Loan,646,Small Business Loans ,1,Normal,19-02-2024,"50,000.00 ",12,17-02-2025,15,3,18,Yearly,,,,,,,,,"50,000.00 ",
1414,Other Loans,Small Business Development Loan,648,Small Business Loans ,1,Normal,08-05-2023,"30,000.00 ",12,06-05-2024,15,3,18,Yearly,,,,,,,,,"30,000.00 ",
1905,Other Loans,Small Business Development Loan,652,Small Business Loans ,1,Normal,27-06-2023,"1,00,000.00 ",12,25-06-2024,15,3,18,Yearly,,,,,,,,,"1,00,000.00 ",
676,Other Loans,Small Business Development Loan,653,Small Business Loans ,1,Normal,31-10-2023,"1,58,000.00 ",12,29-10-2024,15,3,18,Yearly,,,,,,,,,"1,58,000.00 ",
1411,Other Loans,Small Business Development Loan,654,Small Business Loans ,1,Normal,31-10-2023,"1,00,000.00 ",12,29-10-2024,15,3,18,Yearly,,,,,,,,,"1,00,000.00 ",
1167,Other Loans,Small Business Development Loan,657,Small Business Loans ,1,Normal,11-12-2023,"2,00,000.00 ",12,09-12-2024,15,3,18,Yearly,,,,,,,,,"2,00,000.00 ",
1201,Other Loans,Small Business Development Loan,658,Small Business Loans ,1,Normal,06-09-2023,"1,50,000.00 ",12,04-09-2024,15,3,18,Yearly,,,,,,,,,"1,50,000.00 ",
1626,Other Loans,Small Business Development Loan,659,Small Business Loans ,1,Normal,12-12-2023,"50,000.00 ",12,10-12-2024,15,3,18,Yearly,,,,,,,,,"50,000.00 ",
1639,Other Loans,Small Business Development Loan,660,Small Business Loans ,1,Normal,03-07-2023,"1,00,000.00 ",12,01-07-2024,15,3,18,Yearly,,,,,,,,,"1,00,000.00 ",
1906,Other Loans,Small Business Development Loan,661,Small Business Loans ,1,Normal,04-07-2023,"1,00,000.00 ",12,02-07-2024,15,3,18,Yearly,,,,,,,,,"1,00,000.00 ",
226,Other Loans,Small Business Development Loan,662,Small Business Loans ,1,Normal,04-08-2023,"2,00,000.00 ",12,02-08-2024,15,3,18,Yearly,,,,,,,,,"2,00,000.00 ",
2443,Other Loans,Small Business Development Loan,663,Small Business Loans ,1,Normal,26-04-2023,"20,000.00 ",12,24-04-2024,15,3,18,Yearly,,,,,,,,,"20,000.00 ",
1526,Other Loans,Small Business Development Loan,665,Small Business Loans ,1,Normal,18-12-2023,"1,00,000.00 ",12,16-12-2024,15,3,18,Yearly,,,,,,,,,"1,00,000.00 ",
1545,Other Loans,Small Business Development Loan,666,Small Business Loans ,1,Normal,11-12-2023,"2,00,000.00 ",12,09-12-2024,15,3,18,Yearly,,,,,,,,,"2,00,000.00 ",
1827,Other Loans,Small Business Development Loan,667,Small Business Loans ,1,Normal,26-10-2023,"48,000.00 ",12,24-10-2024,15,3,18,Yearly,,,,,,,,,"48,000.00 ",
340,Other Loans,Small Business Development Loan,668,Small Business Loans ,1,Normal,03-05-2023,"1,00,000.00 ",12,01-05-2024,15,3,18,Yearly,,,,,,,,,"1,00,000.00 ",
492,Other Loans,Small Business Development Loan,669,Small Business Loans ,1,Normal,15-12-2023,"40,000.00 ",12,13-12-2024,15,3,18,Yearly,,,,,,,,,"40,000.00 ",
998,Other Loans,Small Business Development Loan,670,Small Business Loans ,1,Normal,22-05-2023,"1,50,000.00 ",12,20-05-2024,15,3,18,Yearly,,,,,,,,,"1,50,000.00 ",
1887,Other Loans,Small Business Development Loan,671,Small Business Loans ,1,Normal,15-12-2023,"1,00,000.00 ",12,13-12-2024,15,3,18,Yearly,,,,,,,,,"1,00,000.00 ",
10453,Other Loans,Small Business Development Loan,672,Small Business Loans ,1,Normal,18-04-2023,"1,00,000.00 ",12,16-04-2024,15,3,18,Yearly,,,,,,,,,"1,00,000.00 ",
537,Other Loans,Small Business Development Loan,677,Small Business Loans ,1,Normal,03-11-2023,"1,00,000.00 ",12,01-11-2024,15,3,18,Yearly,,,,,,,,,"1,00,000.00 ",
1305,Other Loans,Small Business Development Loan,679,Small Business Loans ,1,Normal,30-05-2023,"50,000.00 ",12,28-05-2024,15,3,18,Yearly,,,,,,,,,"50,000.00 ",
1306,Other Loans,Small Business Development Loan,680,Small Business Loans ,1,Normal,30-05-2023,"50,000.00 ",12,28-05-2024,15,3,18,Yearly,,,,,,,,,"50,000.00 ",
1307,Other Loans,Small Business Development Loan,681,Small Business Loans ,1,Normal,31-05-2022,"50,000.00 ",12,30-05-2023,15,3,18,Yearly,,,,,,,,,"50,000.00 ",
606,Other Loans,Small Business Development Loan,683,Small Business Loans ,1,Normal,30-05-2023,"50,000.00 ",12,28-05-2024,15,3,18,Yearly,,,,,,,,,"50,000.00 ",
1278,Other Loans,Small Business Development Loan,685,Small Business Loans ,1,Normal,28-07-2023,"25,000.00 ",12,26-07-2024,15,3,18,Yearly,,,,,,,,,"25,000.00 ",
1292,Other Loans,Small Business Development Loan,686,Small Business Loans ,1,Normal,30-09-2023,"1,00,000.00 ",12,28-09-2024,15,3,18,Yearly,,,,,,,,,"1,00,000.00 ",
33,Other Loans,Small Business Development Loan,687,Small Business Loans ,1,Normal,30-06-2023,"2,00,000.00 ",12,28-06-2024,15,3,18,Yearly,,,,,,,,,"2,00,000.00 ",
1744,Other Loans,Small Business Development Loan,688,Small Business Loans ,1,Normal,30-12-2023,"1,00,000.00 ",12,28-12-2024,15,3,18,Yearly,,,,,,,,,"1,00,000.00 ",
1157,Other Loans,Small Business Development Loan,690,Small Business Loans ,1,Normal,28-11-2023,"84,040.00 ",12,26-11-2024,15,3,18,Yearly,,,,,,,,,"84,040.00 ",
1367,Other Loans,Small Business Development Loan,691,Small Business Loans ,1,Normal,26-05-2023,"50,000.00 ",12,24-05-2024,15,3,18,Yearly,,,,,,,,,"50,000.00 ",
413,Other Loans,Small Business Development Loan,692,Small Business Loans ,1,Normal,26-05-2023,"50,000.00 ",12,24-05-2024,15,3,18,Yearly,,,,,,,,,"50,000.00 ",
1931,Other Loans,Small Business Development Loan,693,Small Business Loans ,1,Normal,14-06-2023,"2,00,000.00 ",12,12-06-2024,15,3,18,Yearly,,,,,,,,,"2,00,000.00 ",
48,Other Loans,Small Business Development Loan,696,Small Business Loans ,1,Normal,30-10-2023,"1,00,000.00 ",12,28-10-2024,15,3,18,Yearly,,,,,,,,,"1,00,000.00 ",
1449,Other Loans,Small Business Development Loan,699,Small Business Loans ,1,Normal,31-07-2023,"2,00,000.00 ",12,29-07-2024,15,3,18,Yearly,,,,,,,,,"2,00,000.00 ",
1749,Other Loans,Small Business Development Loan,701,Small Business Loans ,1,Normal,31-07-2023,"2,00,000.00 ",12,29-07-2024,15,3,18,Yearly,,,,,,,,,"2,00,000.00 ",
1539,Other Loans,Small Business Development Loan,702,Small Business Loans ,1,Normal,06-06-2023,"1,00,000.00 ",12,04-06-2024,15,3,18,Yearly,,,,,,,,,"1,00,000.00 ",
1835,Other Loans,Small Business Development Loan,705,Small Business Loans ,1,Normal,06-04-2023,"1,45,980.00 ",12,04-04-2024,15,3,18,Yearly,,,,,,,,,"1,45,980.00 ",
1822,Other Loans,Small Business Development Loan,707,Small Business Loans ,1,Normal,07-06-2023,"1,00,000.00 ",12,05-06-2024,15,3,18,Yearly,,,,,,,,,"1,00,000.00 ",
81,Other Loans,Small Business Development Loan,708,Small Business Loans ,1,Normal,12-09-2023,"2,00,000.00 ",12,10-09-2024,15,3,18,Yearly,,,,,,,,,"2,00,000.00 ",
1369,Other Loans,Small Business Development Loan,718,Small Business Loans ,1,Normal,24-05-2023,"50,000.00 ",12,22-05-2024,15,3,18,Yearly,,,,,,,,,"50,000.00 ",
1441,Other Loans,Small Business Development Loan,719,Small Business Loans ,1,Normal,21-04-2023,"2,00,000.00 ",12,19-04-2024,15,3,18,Yearly,,,,,,,,,"2,00,000.00 ",
1392,Other Loans,Small Business Development Loan,722,Small Business Loans ,1,Normal,15-05-2023,"1,00,000.00 ",12,13-05-2024,15,3,18,Yearly,,,,,,,,,"1,00,000.00 ",
1820,Other Loans,Small Business Development Loan,723,Small Business Loans ,1,Normal,13-06-2023,"1,50,000.00 ",12,11-06-2024,15,3,18,Yearly,,,,,,,,,"1,50,000.00 ",
1830,Other Loans,Small Business Development Loan,724,Small Business Loans ,1,Normal,06-09-2023,"1,00,000.00 ",12,04-09-2024,15,3,18,Yearly,,,,,,,,,"1,00,000.00 ",
474,Other Loans,Small Business Development Loan,725,Small Business Loans ,1,Normal,29-05-2023,"70,000.00 ",12,27-05-2024,15,3,18,Yearly,,,,,,,,,"70,000.00 ",
10400,Other Loans,Small Business Development Loan,726,Small Business Loans ,1,Normal,17-07-2023,"1,00,000.00 ",12,15-07-2024,15,3,18,Yearly,,,,,,,,,"1,00,000.00 ",
1731,Other Loans,Small Business Development Loan,729,Small Business Loans ,1,Normal,20-06-2023,"50,000.00 ",12,18-06-2024,15,3,18,Yearly,,,,,,,,,"50,000.00 ",
1119,Other Loans,Small Business Development Loan,730,Small Business Loans ,1,Normal,29-01-2024,"2,00,000.00 ",12,27-01-2025,15,3,18,Yearly,,,,,,,,,"2,00,000.00 ",
505,Other Loans,Small Business Development Loan,731,Small Business Loans ,1,Normal,04-05-2023,"1,00,000.00 ",12,02-05-2024,15,3,18,Yearly,,,,,,,,,"1,00,000.00 ",
2405,Other Loans,Small Business Development Loan,733,Small Business Loans ,1,Normal,31-10-2023,"50,000.00 ",12,29-10-2024,15,3,18,Yearly,,,,,,,,,"50,000.00 ",
1589,Other Loans,Small Business Development Loan,734,Small Business Loans ,1,Normal,29-11-2023,"1,00,000.00 ",12,27-11-2024,15,3,18,Yearly,,,,,,,,,"1,00,000.00 ",
868,Other Loans,Small Business Development Loan,736,Small Business Loans ,1,Normal,12-06-2023,"50,000.00 ",12,10-06-2024,15,3,18,Yearly,,,,,,,,,"50,000.00 ",
958,Other Loans,Small Business Development Loan,738,Small Business Loans ,1,Normal,14-06-2023,"50,000.00 ",12,12-06-2024,15,3,18,Yearly,,,,,,,,,"50,000.00 ",
367,Other Loans,Small Business Development Loan,739,Small Business Loans ,1,Normal,19-07-2023,"60,000.00 ",12,17-07-2024,15,3,18,Yearly,,,,,,,,,"60,000.00 ",
1617,Other Loans,Small Business Development Loan,740,Small Business Loans ,1,Normal,26-06-2023,"1,00,000.00 ",12,24-06-2024,15,3,18,Yearly,,,,,,,,,"1,00,000.00 ",
481,Other Loans,Small Business Development Loan,741,Small Business Loans ,1,Normal,28-04-2023,"2,00,000.00 ",12,26-04-2024,15,3,18,Yearly,,,,,,,,,"2,00,000.00 ",
26,Other Loans,Small Business Development Loan,743,Small Business Loans ,1,Normal,26-10-2023,"2,00,000.00 ",12,24-10-2024,15,3,18,Yearly,,,,,,,,,"2,00,000.00 ",
10464,Other Loans,Small Business Development Loan,744,Small Business Loans ,1,Normal,11-07-2023,"30,000.00 ",12,09-07-2024,15,3,18,Yearly,,,,,,,,,"30,000.00 ",
1629,Other Loans,Small Business Development Loan,745,Small Business Loans ,1,Normal,17-07-2023,"50,000.00 ",12,15-07-2024,15,3,18,Yearly,,,,,,,,,"50,000.00 ",
1630,Other Loans,Small Business Development Loan,746,Small Business Loans ,1,Normal,17-07-2023,"50,000.00 ",12,15-07-2024,15,3,18,Yearly,,,,,,,,,"50,000.00 ",
1053,Other Loans,Small Business Development Loan,747,Small Business Loans ,1,Normal,16-06-2023,"1,00,000.00 ",12,14-06-2024,15,3,18,Yearly,,,,,,,,,"1,00,000.00 ",
1592,Other Loans,Small Business Development Loan,748,Small Business Loans ,1,Normal,12-06-2023,"50,000.00 ",12,10-06-2024,15,3,18,Yearly,,,,,,,,,"50,000.00 ",
988,Other Loans,Small Business Development Loan,749,Small Business Loans ,1,Normal,04-08-2023,"60,000.00 ",12,02-08-2024,15,3,18,Yearly,,,,,,,,,"60,000.00 ",
227,Other Loans,Small Business Development Loan,750,Small Business Loans ,1,Normal,05-10-2023,"2,00,000.00 ",12,03-10-2024,15,3,18,Yearly,,,,,,,,,"2,00,000.00 ",
1813,Other Loans,Small Business Development Loan,752,Small Business Loans ,1,Normal,26-05-2023,"2,00,000.00 ",12,24-05-2024,15,3,18,Yearly,,,,,,,,,"2,00,000.00 ",
1428,Other Loans,Small Business Development Loan,753,Small Business Loans ,1,Normal,18-12-2023,"50,000.00 ",12,16-12-2024,15,3,18,Yearly,,,,,,,,,"50,000.00 ",
1706,Other Loans,Small Business Development Loan,754,Small Business Loans ,1,Normal,10-07-2023,"35,000.00 ",12,08-07-2024,15,3,18,Yearly,,,,,,,,,"35,000.00 ",
1442,Other Loans,Small Business Development Loan,755,Small Business Loans ,1,Normal,30-09-2023,"80,000.00 ",12,28-09-2024,15,3,18,Yearly,,,,,,,,,"80,000.00 ",
1618,Other Loans,Small Business Development Loan,757,Small Business Loans ,1,Normal,24-07-2020,"50,000.00 ",12,23-07-2021,15,3,18,Yearly,,,,,,,,,"50,000.00 ",
89,Other Loans,Small Business Development Loan,758,Small Business Loans ,1,Normal,24-07-2020,"1,00,000.00 ",12,23-07-2021,15,3,18,Yearly,,,,,,,,,"1,00,000.00 ",
90,Other Loans,Small Business Development Loan,760,Small Business Loans ,1,Normal,11-12-2023,"2,00,000.00 ",12,09-12-2024,15,3,18,Yearly,,,,,,,,,"2,00,000.00 ",
1622,Other Loans,Small Business Development Loan,762,Small Business Loans ,1,Normal,13-09-2023,"2,00,000.00 ",12,11-09-2024,15,3,18,Yearly,,,,,,,,,"2,00,000.00 ",
1624,Other Loans,Small Business Development Loan,763,Small Business Loans ,1,Normal,04-09-2023,"15,000.00 ",12,02-09-2024,15,3,18,Yearly,,,,,,,,,"15,000.00 ",
57,Other Loans,Small Business Development Loan,764,Small Business Loans ,1,Normal,12-03-2024,"17,000.00 ",12,11-03-2025,15,3,18,Yearly,,,,,,,,,"17,000.00 ",
1600,Other Loans,Small Business Development Loan,765,Small Business Loans ,1,Normal,31-05-2023,"50,000.00 ",12,29-05-2024,15,3,18,Yearly,,,,,,,,,"50,000.00 ",
1299,Other Loans,Small Business Development Loan,770,Small Business Loans ,1,Normal,02-08-2023,"64,000.00 ",12,31-07-2024,15,3,18,Yearly,,,,,,,,,"64,000.00 ",
1598,Other Loans,Small Business Development Loan,771,Small Business Loans ,1,Normal,26-07-2023,"50,000.00 ",12,24-07-2024,15,3,18,Yearly,,,,,,,,,"50,000.00 ",
1097,Other Loans,Small Business Development Loan,772,Small Business Loans ,1,Normal,30-08-2023,"30,000.00 ",12,28-08-2024,15,3,18,Yearly,,,,,,,,,"30,000.00 ",
1086,Other Loans,Small Business Development Loan,775,Small Business Loans ,1,Normal,17-07-2023,"30,000.00 ",12,15-07-2024,15,3,18,Yearly,,,,,,,,,"30,000.00 ",
862,Other Loans,Small Business Development Loan,776,Small Business Loans ,1,Normal,29-11-2023,"1,00,000.00 ",12,27-11-2024,15,3,18,Yearly,,,,,,,,,"1,00,000.00 ",
1708,Other Loans,Small Business Development Loan,778,Small Business Loans ,1,Normal,03-11-2023,"21,000.00 ",12,01-11-2024,15,3,18,Yearly,,,,,,,,,"21,000.00 ",
1386,Other Loans,Small Business Development Loan,779,Small Business Loans ,1,Normal,30-03-2024,"1,70,000.00 ",12,29-03-2025,15,3,18,Yearly,,,,,,,,,"1,70,000.00 ",
332,Other Loans,Small Business Development Loan,780,Small Business Loans ,1,Normal,25-10-2023,"50,000.00 ",12,23-10-2024,15,3,18,Yearly,,,,,,,,,"50,000.00 ",
1936,Other Loans,Small Business Development Loan,781,Small Business Loans ,1,Normal,21-07-2023,"40,000.00 ",12,19-07-2024,15,3,18,Yearly,,,,,,,,,"40,000.00 ",
523,Other Loans,Small Business Development Loan,784,Small Business Loans ,1,Normal,01-06-2023,"1,00,000.00 ",12,30-05-2024,15,3,18,Yearly,,,,,,,,,"1,00,000.00 ",
1843,Other Loans,Small Business Development Loan,786,Small Business Loans ,1,Normal,21-03-2024,"1,90,000.00 ",12,20-03-2025,15,3,18,Yearly,,,,,,,,,"1,90,000.00 ",
1712,Other Loans,Small Business Development Loan,789,Small Business Loans ,1,Normal,12-09-2023,"50,000.00 ",12,10-09-2024,15,3,18,Yearly,,,,,,,,,"50,000.00 ",
667,Other Loans,Small Business Development Loan,790,Small Business Loans ,1,Normal,05-09-2023,"50,000.00 ",12,03-09-2024,15,3,18,Yearly,,,,,,,,,"50,000.00 ",
1513,Other Loans,Small Business Development Loan,791,Small Business Loans ,1,Normal,05-10-2023,"2,00,000.00 ",12,03-10-2024,15,3,18,Yearly,,,,,,,,,"2,00,000.00 ",
1754,Other Loans,Small Business Development Loan,792,Small Business Loans ,1,Normal,18-12-2023,"2,00,000.00 ",12,16-12-2024,15,3,18,Yearly,,,,,,,,,"2,00,000.00 ",
1018,Other Loans,Small Business Development Loan,794,Small Business Loans ,1,Normal,09-10-2023,"25,000.00 ",12,07-10-2024,15,3,18,Yearly,,,,,,,,,"25,000.00 ",
191,Other Loans,Small Business Development Loan,795,Small Business Loans ,1,Normal,30-12-2023,"50,000.00 ",12,28-12-2024,15,3,18,Yearly,,,,,,,,,"50,000.00 ",
1346,Other Loans,Small Business Development Loan,796,Small Business Loans ,2,Normal,03-07-2023,"1,00,000.00 ",12,01-07-2024,15,3,18,Yearly,,,,,,,,,"1,00,000.00 ",
593,Other Loans,Small Business Development Loan,801,Small Business Loans ,2,Normal,23-08-2023,"1,00,000.00 ",12,21-08-2024,15,3,18,Yearly,,,,,,,,,"1,00,000.00 ",
1564,Other Loans,Small Business Development Loan,803,Small Business Loans ,2,Normal,19-10-2023,"1,00,000.00 ",12,17-10-2024,15,3,18,Yearly,,,,,,,,,"1,00,000.00 ",
1847,Other Loans,Small Business Development Loan,804,Small Business Loans ,2,Normal,09-12-2022,"50,000.00 ",12,08-12-2023,15,3,18,Yearly,,,,,,,,,"50,000.00 ",
931,Other Loans,Small Business Development Loan,805,Small Business Loans ,2,Normal,23-01-2024,"1,40,410.00 ",12,21-01-2025,15,3,18,Yearly,,,,,,,,,"1,40,410.00 ",
790,Other Loans,Small Business Development Loan,807,Small Business Loans ,2,Normal,06-12-2023,"2,00,000.00 ",12,04-12-2024,15,3,18,Yearly,,,,,,,,,"2,00,000.00 ",
996,Other Loans,Small Business Development Loan,810,Small Business Loans ,2,Normal,03-11-2023,"2,00,000.00 ",12,01-11-2024,15,3,18,Yearly,,,,,,,,,"2,00,000.00 ",
1286,Other Loans,Small Business Development Loan,811,Small Business Loans ,2,Normal,27-06-2023,"50,000.00 ",12,25-06-2024,15,3,18,Yearly,,,,,,,,,"50,000.00 ",
1289,Other Loans,Small Business Development Loan,812,Small Business Loans ,2,Normal,20-06-2023,"33,000.00 ",12,18-06-2024,15,3,18,Yearly,,,,,,,,,"33,000.00 ",
472,Other Loans,Small Business Development Loan,813,Small Business Loans ,2,Normal,12-09-2023,"50,000.00 ",12,10-09-2024,15,3,18,Yearly,,,,,,,,,"50,000.00 ",
812,Other Loans,Small Business Development Loan,814,Small Business Loans ,2,Normal,28-11-2023,"50,000.00 ",12,26-11-2024,15,3,18,Yearly,,,,,,,,,"50,000.00 ",
1855,Other Loans,Small Business Development Loan,816,Small Business Loans ,2,Normal,02-06-2023,"1,00,000.00 ",12,31-05-2024,15,3,18,Yearly,,,,,,,,,"1,00,000.00 ",
2028,Other Loans,Small Business Development Loan,817,Small Business Loans ,2,Normal,17-10-2023,"1,00,000.00 ",12,15-10-2024,15,3,18,Yearly,,,,,,,,,"1,00,000.00 ",
2026,Other Loans,Small Business Development Loan,819,Small Business Loans ,2,Normal,03-11-2023,"1,00,000.00 ",12,01-11-2024,15,3,18,Yearly,,,,,,,,,"1,00,000.00 ",
1828,Other Loans,Small Business Development Loan,820,Small Business Loans ,2,Normal,22-02-2023,"1,00,000.00 ",12,21-02-2024,15,3,18,Yearly,,,,,,,,,"1,00,000.00 ",
1858,Other Loans,Small Business Development Loan,821,Small Business Loans ,2,Normal,09-10-2023,"30,000.00 ",12,07-10-2024,15,3,18,Yearly,,,,,,,,,"30,000.00 ",
705,Other Loans,Small Business Development Loan,822,Small Business Loans ,2,Normal,19-09-2023,"50,000.00 ",12,17-09-2024,15,3,18,Yearly,,,,,,,,,"50,000.00 ",
1533,Other Loans,Small Business Development Loan,825,Small Business Loans ,2,Normal,03-11-2023,"1,00,000.00 ",12,01-11-2024,15,3,18,Yearly,,,,,,,,,"1,00,000.00 ",
759,Other Loans,Small Business Development Loan,827,Small Business Loans ,2,Normal,18-07-2023,"1,05,000.00 ",12,16-07-2024,15,3,18,Yearly,,,,,,,,,"1,05,000.00 ",
1856,Other Loans,Small Business Development Loan,829,Small Business Loans ,2,Normal,22-11-2023,"1,00,000.00 ",12,20-11-2024,15,3,18,Yearly,,,,,,,,,"1,00,000.00 ",
1850,Other Loans,Small Business Development Loan,830,Small Business Loans ,2,Normal,07-08-2023,"47,000.00 ",12,05-08-2024,15,3,18,Yearly,,,,,,,,,"47,000.00 ",
954,Other Loans,Small Business Development Loan,831,Small Business Loans ,2,Normal,15-05-2023,"2,00,000.00 ",12,13-05-2024,15,3,18,Yearly,,,,,,,,,"2,00,000.00 ",
2029,Other Loans,Small Business Development Loan,833,Small Business Loans ,2,Normal,29-08-2023,"1,00,000.00 ",12,27-08-2024,15,3,18,Yearly,,,,,,,,,"1,00,000.00 ",
1345,Other Loans,Small Business Development Loan,834,Small Business Loans ,2,Normal,13-11-2023,"70,000.00 ",12,11-11-2024,15,3,18,Yearly,,,,,,,,,"70,000.00 ",
1493,Other Loans,Small Business Development Loan,835,Small Business Loans ,2,Normal,13-04-2023,"1,50,000.00 ",12,11-04-2024,15,3,18,Yearly,,,,,,,,,"1,50,000.00 ",
1836,Other Loans,Small Business Development Loan,836,Small Business Loans ,2,Normal,13-11-2023,"2,00,000.00 ",12,11-11-2024,15,3,18,Yearly,,,,,,,,,"2,00,000.00 ",
1752,Other Loans,Small Business Development Loan,838,Small Business Loans ,2,Normal,19-06-2023,"2,00,000.00 ",12,17-06-2024,15,3,18,Yearly,,,,,,,,,"2,00,000.00 ",
1349,Other Loans,Small Business Development Loan,839,Small Business Loans ,2,Normal,30-12-2023,"50,000.00 ",12,28-12-2024,15,3,18,Yearly,,,,,,,,,"50,000.00 ",
1537,Other Loans,Small Business Development Loan,840,Small Business Loans ,2,Normal,11-12-2023,"2,00,000.00 ",12,09-12-2024,15,3,18,Yearly,,,,,,,,,"2,00,000.00 ",
1966,Other Loans,Small Business Development Loan,841,Small Business Loans ,2,Normal,18-12-2023,"1,00,000.00 ",12,16-12-2024,15,3,18,Yearly,,,,,,,,,"1,00,000.00 ",
1967,Other Loans,Small Business Development Loan,842,Small Business Loans ,2,Normal,18-12-2023,"1,00,000.00 ",12,16-12-2024,15,3,18,Yearly,,,,,,,,,"1,00,000.00 ",
2014,Other Loans,Small Business Development Loan,843,Small Business Loans ,2,Normal,22-11-2023,"1,00,000.00 ",12,20-11-2024,15,3,18,Yearly,,,,,,,,,"1,00,000.00 ",
2015,Other Loans,Small Business Development Loan,844,Small Business Loans ,2,Normal,13-04-2023,"1,50,000.00 ",12,11-04-2024,15,3,18,Yearly,,,,,,,,,"1,50,000.00 ",
2027,Other Loans,Small Business Development Loan,845,Small Business Loans ,2,Normal,05-10-2023,"1,00,000.00 ",12,03-10-2024,15,3,18,Yearly,,,,,,,,,"1,00,000.00 ",
1726,Other Loans,Small Business Development Loan,848,Small Business Loans ,2,Normal,30-03-2024,"1,00,000.00 ",12,29-03-2025,15,3,18,Yearly,,,,,,,,,"1,00,000.00 ",
1845,Other Loans,Small Business Development Loan,849,Small Business Loans ,2,Normal,07-11-2023,"50,000.00 ",12,05-11-2024,15,3,18,Yearly,,,,,,,,,"50,000.00 ",
755,Other Loans,Small Business Development Loan,850,Small Business Loans ,2,Normal,23-11-2023,"25,000.00 ",12,21-11-2024,15,3,18,Yearly,,,,,,,,,"25,000.00 ",
1627,Other Loans,Small Business Development Loan,851,Small Business Loans ,2,Normal,29-11-2023,"1,00,000.00 ",12,27-11-2024,15,3,18,Yearly,,,,,,,,,"1,00,000.00 ",
1161,Other Loans,Small Business Development Loan,852,Small Business Loans ,2,Normal,15-12-2022,"25,000.00 ",12,14-12-2023,15,3,18,Yearly,,,,,,,,,"25,000.00 ",
130,Other Loans,Small Business Development Loan,853,Small Business Loans ,2,Normal,31-10-2023,"2,00,000.00 ",12,29-10-2024,15,3,18,Yearly,,,,,,,,,"2,00,000.00 ",
1804,Other Loans,Small Business Development Loan,856,Small Business Loans ,2,Normal,19-03-2024,"2,00,000.00 ",12,18-03-2025,15,3,18,Yearly,,,,,,,,,"2,00,000.00 ",
386,Other Loans,Small Business Development Loan,858,Small Business Loans ,2,Normal,22-03-2024,"1,20,000.00 ",12,21-03-2025,15,3,18,Yearly,,,,,,,,,"1,20,000.00 ",
439,Other Loans,Small Business Development Loan,860,Small Business Loans ,2,Normal,30-03-2024,"1,00,000.00 ",12,29-03-2025,15,3,18,Yearly,,,,,,,,,"1,00,000.00 ",
1798,Other Loans,Small Business Development Loan,861,Small Business Loans ,2,Normal,05-06-2023,"2,00,000.00 ",12,03-06-2024,15,3,18,Yearly,,,,,,,,,"2,00,000.00 ",
1584,Other Loans,Small Business Development Loan,863,Small Business Loans ,2,Normal,23-06-2023,"1,50,000.00 ",12,21-06-2024,15,3,18,Yearly,,,,,,,,,"1,50,000.00 ",
2250,Other Loans,Small Business Development Loan,864,Small Business Loans ,2,Normal,19-07-2023,"50,000.00 ",12,17-07-2024,15,3,18,Yearly,,,,,,,,,"50,000.00 ",
297,Other Loans,Small Business Development Loan,865,Small Business Loans ,2,Normal,18-11-2023,"1,00,000.00 ",12,16-11-2024,15,3,18,Yearly,,,,,,,,,"1,00,000.00 ",
565,Other Loans,Small Business Development Loan,867,Small Business Loans ,2,Normal,11-12-2023,"2,00,000.00 ",12,09-12-2024,15,3,18,Yearly,,,,,,,,,"2,00,000.00 ",
1125,Other Loans,Small Business Development Loan,869,Small Business Loans ,2,Normal,04-01-2024,"95,000.00 ",12,02-01-2025,15,3,18,Yearly,,,,,,,,,"95,000.00 ",
2067,Other Loans,Small Business Development Loan,870,Small Business Loans ,2,Normal,30-03-2024,"2,00,000.00 ",12,29-03-2025,15,3,18,Yearly,,,,,,,,,"2,00,000.00 ",
245,Other Loans,Small Business Development Loan,871,Small Business Loans ,2,Normal,08-12-2023,"1,00,000.00 ",12,06-12-2024,15,3,18,Yearly,,,,,,,,,"1,00,000.00 ",
1074,Other Loans,Small Business Development Loan,872,Small Business Loans ,2,Normal,17-05-2023,"1,00,000.00 ",12,15-05-2024,15,3,18,Yearly,,,,,,,,,"1,00,000.00 ",
1859,Other Loans,Small Business Development Loan,875,Small Business Loans ,2,Normal,26-08-2022,"1,00,000.00 ",12,25-08-2023,15,3,18,Yearly,,,,,,,,,"1,00,000.00 ",
1860,Other Loans,Small Business Development Loan,876,Small Business Loans ,2,Normal,11-04-2023,"2,00,000.00 ",12,09-04-2024,15,3,18,Yearly,,,,,,,,,"2,00,000.00 ",
350,Other Loans,Small Business Development Loan,877,Small Business Loans ,3,Normal,06-12-2023,"2,00,000.00 ",12,04-12-2024,15,3,18,Yearly,,,,,,,,,"2,00,000.00 ",
1863,Other Loans,Small Business Development Loan,879,Small Business Loans ,3,Normal,11-12-2023,"2,00,000.00 ",12,09-12-2024,15,3,18,Yearly,,,,,,,,,"2,00,000.00 ",
1714,Other Loans,Small Business Development Loan,880,Small Business Loans ,3,Normal,28-02-2023,"2,00,000.00 ",12,27-02-2024,15,3,18,Yearly,,,,,,,,,"2,00,000.00 ",
1084,Other Loans,Small Business Development Loan,881,Small Business Loans ,3,Normal,04-01-2024,"2,00,000.00 ",12,02-01-2025,15,3,18,Yearly,,,,,,,,,"2,00,000.00 ",
1121,Other Loans,Small Business Development Loan,883,Small Business Loans ,3,Normal,20-09-2023,"1,00,000.00 ",12,18-09-2024,15,3,18,Yearly,,,,,,,,,"1,00,000.00 ",
1347,Other Loans,Small Business Development Loan,885,Small Business Loans ,3,Normal,03-06-2023,"2,00,000.00 ",12,01-06-2024,15,3,18,Yearly,,,,,,,,,"2,00,000.00 ",
1857,Other Loans,Small Business Development Loan,886,Small Business Loans ,3,Normal,28-03-2024,"2,00,000.00 ",12,27-03-2025,15,3,18,Yearly,,,,,,,,,"2,00,000.00 ",
2458,Other Loans,Small Business Development Loan,887,Small Business Loans ,3,Normal,27-03-2024,"1,99,700.00 ",12,26-03-2025,15,3,18,Yearly,,,,,,,,,"1,99,700.00 ",
471,Other Loans,Small Business Development Loan,888,Small Business Loans ,3,Normal,31-10-2023,"50,000.00 ",12,29-10-2024,15,3,18,Yearly,,,,,,,,,"50,000.00 ",
547,Other Loans,Small Business Development Loan,889,Small Business Loans ,3,Normal,06-10-2022,"50,000.00 ",12,05-10-2023,15,3,18,Yearly,,,,,,,,,"50,000.00 ",
810,Other Loans,Small Business Development Loan,892,Small Business Loans ,3,Normal,12-03-2024,"52,400.00 ",12,11-03-2025,15,3,18,Yearly,,,,,,,,,"52,400.00 ",
1582,Other Loans,Small Business Development Loan,893,Small Business Loans ,3,Normal,10-08-2023,"1,00,000.00 ",12,08-08-2024,15,3,18,Yearly,,,,,,,,,"1,00,000.00 ",
1413,Other Loans,Small Business Development Loan,894,Small Business Loans ,3,Normal,10-08-2023,"1,00,000.00 ",12,08-08-2024,15,3,18,Yearly,,,,,,,,,"1,00,000.00 ",
1183,Other Loans,Small Business Development Loan,895,Small Business Loans ,3,Normal,18-04-2023,"2,00,000.00 ",12,16-04-2024,15,3,18,Yearly,,,,,,,,,"2,00,000.00 ",
1520,Other Loans,Small Business Development Loan,897,Small Business Loans ,3,Normal,16-12-2023,"1,00,000.00 ",12,14-12-2024,15,3,18,Yearly,,,,,,,,,"1,00,000.00 ",
1085,Other Loans,Small Business Development Loan,898,Small Business Loans ,3,Normal,13-09-2023,"2,00,000.00 ",12,11-09-2024,15,3,18,Yearly,,,,,,,,,"2,00,000.00 ",
2214,Other Loans,Small Business Development Loan,899,Small Business Loans ,3,Normal,23-05-2023,"2,00,000.00 ",12,21-05-2024,15,3,18,Yearly,,,,,,,,,"2,00,000.00 ",
1057,Other Loans,Small Business Development Loan,900,Small Business Loans ,3,Normal,30-03-2024,"40,000.00 ",12,29-03-2025,15,3,18,Yearly,,,,,,,,,"40,000.00 ",
1204,Other Loans,Small Business Development Loan,902,Small Business Loans ,3,Normal,16-01-2024,"52,000.00 ",12,14-01-2025,15,3,18,Yearly,,,,,,,,,"52,000.00 ",
1719,Other Loans,Small Business Development Loan,903,Small Business Loans ,3,Normal,22-11-2023,"2,00,000.00 ",12,20-11-2024,15,3,18,Yearly,,,,,,,,,"2,00,000.00 ",
1182,Other Loans,Small Business Development Loan,904,Small Business Loans ,3,Normal,16-03-2024,"25,000.00 ",12,15-03-2025,15,3,18,Yearly,,,,,,,,,"25,000.00 ",
1100,Other Loans,Small Business Development Loan,905,Small Business Loans ,3,Normal,09-02-2024,"50,000.00 ",12,07-02-2025,15,3,18,Yearly,,,,,,,,,"50,000.00 ",
1212,Other Loans,Small Business Development Loan,906,Small Business Loans ,3,Normal,09-02-2024,"50,000.00 ",12,07-02-2025,15,3,18,Yearly,,,,,,,,,"50,000.00 ",
479,Other Loans,Small Business Development Loan,907,Small Business Loans ,3,Normal,04-01-2024,"1,00,000.00 ",12,02-01-2025,15,3,18,Yearly,,,,,,,,,"1,00,000.00 ",
1578,Other Loans,Small Business Development Loan,908,Small Business Loans ,3,Normal,30-12-2023,"50,000.00 ",12,28-12-2024,15,3,18,Yearly,,,,,,,,,"50,000.00 ",
1152,Other Loans,Small Business Development Loan,909,Small Business Loans ,3,Normal,08-02-2024,"2,00,000.00 ",12,06-02-2025,15,3,18,Yearly,,,,,,,,,"2,00,000.00 ",
1310,Other Loans,Small Business Development Loan,914,Small Business Loans ,3,Normal,09-05-2023,"1,00,000.00 ",12,07-05-2024,15,3,18,Yearly,,,,,,,,,"1,00,000.00 ",
1418,Other Loans,Small Business Development Loan,915,Small Business Loans ,3,Normal,26-12-2023,"1,00,000.00 ",12,24-12-2024,15,3,18,Yearly,,,,,,,,,"1,00,000.00 ",
1355,Other Loans,Small Business Development Loan,919,Small Business Loans ,3,Normal,08-05-2023,"1,50,000.00 ",12,06-05-2024,15,3,18,Yearly,,,,,,,,,"1,50,000.00 ",
1373,Other Loans,Small Business Development Loan,920,Small Business Loans ,3,Normal,30-12-2023,"50,000.00 ",12,28-12-2024,15,3,18,Yearly,,,,,,,,,"50,000.00 ",
1424,Other Loans,Small Business Development Loan,921,Small Business Loans ,3,Normal,12-05-2023,"1,00,000.00 ",12,10-05-2024,15,3,18,Yearly,,,,,,,,,"1,00,000.00 ",
549,Other Loans,Small Business Development Loan,922,Small Business Loans ,3,Normal,30-12-2023,"50,000.00 ",12,28-12-2024,15,3,18,Yearly,,,,,,,,,"50,000.00 ",
1083,Other Loans,Small Business Development Loan,923,Small Business Loans ,3,Normal,20-03-2024,"1,50,000.00 ",12,19-03-2025,15,3,18,Yearly,,,,,,,,,"1,50,000.00 ",
1079,Other Loans,Small Business Development Loan,924,Small Business Loans ,3,Normal,14-03-2024,"50,000.00 ",12,13-03-2025,15,3,18,Yearly,,,,,,,,,"50,000.00 ",
855,Other Loans,Small Business Development Loan,925,Small Business Loans ,3,Normal,25-01-2024,"70,000.00 ",12,23-01-2025,15,3,18,Yearly,,,,,,,,,"70,000.00 ",
1686,Other Loans,Small Business Development Loan,928,Small Business Loans ,3,Normal,14-12-2023,"2,00,000.00 ",12,12-12-2024,15,3,18,Yearly,,,,,,,,,"2,00,000.00 ",
1867,Other Loans,Small Business Development Loan,929,Small Business Loans ,3,Normal,19-03-2024,"1,00,000.00 ",12,18-03-2025,15,3,18,Yearly,,,,,,,,,"1,00,000.00 ",
1716,Other Loans,Small Business Development Loan,932,Small Business Loans ,3,Normal,26-03-2024,"1,00,000.00 ",12,25-03-2025,15,3,18,Yearly,,,,,,,,,"1,00,000.00 ",
31,Other Loans,Small Business Development Loan,933,Small Business Loans ,3,Normal,15-03-2024,"1,00,000.00 ",12,14-03-2025,15,3,18,Yearly,,,,,,,,,"1,00,000.00 ",
462,Other Loans,Small Business Development Loan,934,Small Business Loans ,3,Normal,05-02-2024,"1,00,000.00 ",12,03-02-2025,15,3,18,Yearly,,,,,,,,,"1,00,000.00 ",
871,Other Loans,Small Business Development Loan,935,Small Business Loans ,3,Normal,21-06-2023,"1,80,000.00 ",12,19-06-2024,15,3,18,Yearly,,,,,,,,,"1,80,000.00 ",
1174,Other Loans,Small Business Development Loan,936,Small Business Loans ,3,Normal,26-12-2023,"1,00,000.00 ",12,24-12-2024,15,3,18,Yearly,,,,,,,,,"1,00,000.00 ",
1730,Other Loans,Small Business Development Loan,938,Small Business Loans ,3,Normal,21-06-2023,"1,56,000.00 ",12,19-06-2024,15,3,18,Yearly,,,,,,,,,"1,56,000.00 ",
507,Other Loans,Small Business Development Loan,939,Small Business Loans ,3,Normal,12-02-2024,"1,50,000.00 ",12,10-02-2025,15,3,18,Yearly,,,,,,,,,"1,50,000.00 ",
1728,Other Loans,Small Business Development Loan,940,Small Business Loans ,3,Normal,12-01-2024,"1,00,000.00 ",12,10-01-2025,15,3,18,Yearly,,,,,,,,,"1,00,000.00 ",
1556,Other Loans,Small Business Development Loan,942,Small Business Loans ,3,Normal,13-09-2023,"1,50,000.00 ",12,11-09-2024,15,3,18,Yearly,,,,,,,,,"1,50,000.00 ",
522,Other Loans,Small Business Development Loan,943,Small Business Loans ,3,Normal,16-01-2023,"1,00,000.00 ",12,15-01-2024,15,3,18,Yearly,,,,,,,,,"1,00,000.00 ",
1169,Other Loans,Small Business Development Loan,944,Small Business Loans ,3,Normal,12-03-2024,"48,000.00 ",12,11-03-2025,15,3,18,Yearly,,,,,,,,,"48,000.00 ",
2091,Other Loans,Small Business Development Loan,947,Small Business Loans ,3,Normal,08-02-2024,"1,00,000.00 ",12,06-02-2025,15,3,18,Yearly,,,,,,,,,"1,00,000.00 ",
1068,Other Loans,Small Business Development Loan,949,Small Business Loans ,3,Normal,17-02-2024,"30,000.00 ",12,15-02-2025,15,3,18,Yearly,,,,,,,,,"30,000.00 ",
1109,Other Loans,Small Business Development Loan,950,Small Business Loans ,3,Normal,22-03-2024,"1,00,000.00 ",12,21-03-2025,15,3,18,Yearly,,,,,,,,,"1,00,000.00 ",
2092,Other Loans,Small Business Development Loan,951,Small Business Loans ,3,Normal,09-01-2024,"1,50,000.00 ",12,07-01-2025,15,3,18,Yearly,,,,,,,,,"1,50,000.00 ",
577,Other Loans,Small Business Development Loan,952,Small Business Loans ,3,Normal,07-02-2024,"2,00,000.00 ",12,05-02-2025,15,3,18,Yearly,,,,,,,,,"2,00,000.00 ",
2094,Other Loans,Small Business Development Loan,953,Small Business Loans ,3,Normal,05-02-2024,"2,00,000.00 ",12,03-02-2025,15,3,18,Yearly,,,,,,,,,"2,00,000.00 ",
1319,Other Loans,Small Business Development Loan,955,Small Business Loans ,3,Normal,11-05-2023,"2,00,000.00 ",12,09-05-2024,15,3,18,Yearly,,,,,,,,,"2,00,000.00 ",
10493,Other Loans,Small Business Development Loan,957,Small Business Loans ,3,Normal,03-02-2024,"1,00,000.00 ",12,01-02-2025,15,3,18,Yearly,,,,,,,,,"1,00,000.00 ",
1108,Other Loans,Small Business Development Loan,958,Small Business Loans ,3,Normal,15-07-2023,"1,40,000.00 ",12,13-07-2024,15,3,18,Yearly,,,,,,,,,"1,40,000.00 ",
1753,Other Loans,Small Business Development Loan,960,Small Business Loans ,3,Normal,26-12-2023,"1,00,000.00 ",12,24-12-2024,15,3,18,Yearly,,,,,,,,,"1,00,000.00 ",
1968,Other Loans,Small Business Development Loan,961,Small Business Loans ,3,Normal,09-11-2023,"1,00,000.00 ",12,07-11-2024,15,3,18,Yearly,,,,,,,,,"1,00,000.00 ",
2234,Other Loans,Small Business Development Loan,962,Small Business Loans ,3,Normal,16-02-2024,"1,21,000.00 ",12,14-02-2025,15,3,18,Yearly,,,,,,,,,"1,21,000.00 ",
1260,Other Loans,Small Business Development Loan,963,Small Business Loans ,3,Normal,23-01-2024,"1,00,000.00 ",12,21-01-2025,15,3,18,Yearly,,,,,,,,,"1,00,000.00 ",
2087,Other Loans,Small Business Development Loan,964,Small Business Loans ,3,Normal,10-08-2023,"1,00,000.00 ",12,08-08-2024,15,3,18,Yearly,,,,,,,,,"1,00,000.00 ",
2090,Other Loans,Small Business Development Loan,965,Small Business Loans ,3,Normal,01-08-2023,"1,00,000.00 ",12,30-07-2024,15,3,18,Yearly,,,,,,,,,"1,00,000.00 ",
632,Other Loans,Small Business Development Loan,966,Small Business Loans ,3,Normal,23-02-2024,"1,70,000.00 ",12,21-02-2025,15,3,18,Yearly,,,,,,,,,"1,70,000.00 ",
1886,Other Loans,Small Business Development Loan,967,Small Business Loans ,3,Normal,29-01-2024,"25,000.00 ",12,27-01-2025,15,3,18,Yearly,,,,,,,,,"25,000.00 ",
1775,Other Loans,Small Business Development Loan,968,Small Business Loans ,3,Normal,06-03-2024,"50,000.00 ",12,05-03-2025,15,3,18,Yearly,,,,,,,,,"50,000.00 ",
746,Other Loans,Small Business Development Loan,969,Small Business Loans ,3,Normal,31-03-2023,"2,00,000.00 ",12,29-03-2024,15,3,18,Yearly,,,,,,,,,"2,00,000.00 ",
395,Other Loans,Small Business Development Loan,970,Small Business Loans ,3,Normal,14-07-2023,"1,25,000.00 ",12,12-07-2024,15,3,18,Yearly,,,,,,,,,"1,25,000.00 ",
2100,Other Loans,Small Business Development Loan,971,Small Business Loans ,3,Normal,29-12-2023,"2,00,000.00 ",12,27-12-2024,15,3,18,Yearly,,,,,,,,,"2,00,000.00 ",
131,Other Loans,Small Business Development Loan,973,Small Business Loans ,3,Normal,30-03-2024,"1,60,000.00 ",12,29-03-2025,15,3,18,Yearly,,,,,,,,,"1,60,000.00 ",
331,Other Loans,Small Business Development Loan,974,Small Business Loans ,3,Normal,18-01-2024,"2,00,000.00 ",12,16-01-2025,15,3,18,Yearly,,,,,,,,,"2,00,000.00 ",
867,Other Loans,Small Business Development Loan,975,Small Business Loans ,3,Normal,17-04-2023,"2,00,000.00 ",12,15-04-2024,15,3,18,Yearly,,,,,,,,,"2,00,000.00 ",
1344,Other Loans,Small Business Development Loan,976,Small Business Loans ,3,Normal,31-03-2023,"75,000.00 ",12,29-03-2024,15,3,18,Yearly,,,,,,,,,"75,000.00 ",
1585,Other Loans,Small Business Development Loan,977,Small Business Loans ,3,Normal,30-03-2024,"2,00,000.00 ",12,29-03-2025,15,3,18,Yearly,,,,,,,,,"2,00,000.00 ",
1745,Other Loans,Small Business Development Loan,978,Small Business Loans ,3,Normal,28-08-2023,"1,00,000.00 ",12,26-08-2024,15,3,18,Yearly,,,,,,,,,"1,00,000.00 ",
1807,Other Loans,Small Business Development Loan,979,Small Business Loans ,3,Normal,20-02-2024,"1,00,000.00 ",12,18-02-2025,15,3,18,Yearly,,,,,,,,,"1,00,000.00 ",
51,Other Loans,Small Business Development Loan,980,Small Business Loans ,3,Normal,19-01-2024,"25,000.00 ",12,17-01-2025,15,3,18,Yearly,,,,,,,,,"25,000.00 ",
59,Other Loans,Small Business Development Loan,981,Small Business Loans ,3,Normal,18-03-2024,"25,000.00 ",12,17-03-2025,15,3,18,Yearly,,,,,,,,,"25,000.00 ",
66,Other Loans,Small Business Development Loan,982,Small Business Loans ,3,Normal,02-12-2023,"2,00,000.00 ",12,30-11-2024,15,3,18,Yearly,,,,,,,,,"2,00,000.00 ",
1623,Other Loans,Small Business Development Loan,983,Small Business Loans ,3,Normal,09-05-2023,"15,000.00 ",12,07-05-2024,15,3,18,Yearly,,,,,,,,,"15,000.00 ",
1883,Other Loans,Small Business Development Loan,984,Small Business Loans ,3,Normal,30-09-2023,"2,00,000.00 ",12,28-09-2024,15,3,18,Yearly,,,,,,,,,"2,00,000.00 ",
201,Other Loans,Small Business Development Loan,985,Small Business Loans ,3,Normal,23-01-2024,"70,000.00 ",12,21-01-2025,15,3,18,Yearly,,,,,,,,,"70,000.00 ",
989,Other Loans,Small Business Development Loan,986,Small Business Loans ,3,Normal,23-01-2024,"50,000.00 ",12,21-01-2025,15,3,18,Yearly,,,,,,,,,"50,000.00 ",
1022,Other Loans,Small Business Development Loan,987,Small Business Loans ,3,Normal,16-02-2024,"1,00,000.00 ",12,14-02-2025,15,3,18,Yearly,,,,,,,,,"1,00,000.00 ",
170,Other Loans,Small Business Development Loan,988,Small Business Loans ,3,Normal,23-01-2024,"50,000.00 ",12,21-01-2025,15,3,18,Yearly,,,,,,,,,"50,000.00 ",
571,Other Loans,Small Business Development Loan,989,Small Business Loans ,3,Normal,30-03-2024,"2,00,000.00 ",12,29-03-2025,15,3,18,Yearly,,,,,,,,,"2,00,000.00 ",
389,Other Loans,Small Business Development Loan,990,Small Business Loans ,3,Normal,16-06-2023,"2,00,000.00 ",12,14-06-2024,15,3,18,Yearly,,,,,,,,,"2,00,000.00 ",
866,Other Loans,Small Business Development Loan,991,Small Business Loans ,3,Normal,31-01-2024,"50,000.00 ",12,29-01-2025,15,3,18,Yearly,,,,,,,,,"50,000.00 ",
11,Other Loans,Small Business Development Loan,992,Small Business Loans ,3,Normal,30-03-2024,"2,00,000.00 ",12,29-03-2025,15,3,18,Yearly,,,,,,,,,"2,00,000.00 ",
1164,Other Loans,Small Business Development Loan,993,Small Business Loans ,3,Normal,07-06-2023,"30,000.00 ",12,05-06-2024,15,3,18,Yearly,,,,,,,,,"30,000.00 ",
1514,Other Loans,Small Business Development Loan,995,Small Business Loans ,3,Normal,23-01-2024,"50,000.00 ",12,21-01-2025,15,3,18,Yearly,,,,,,,,,"50,000.00 ",
1602,Other Loans,Small Business Development Loan,996,Small Business Loans ,3,Normal,08-02-2024,"50,000.00 ",12,06-02-2025,15,3,18,Yearly,,,,,,,,,"50,000.00 ",
803,Other Loans,Small Business Development Loan,997,Small Business Loans ,3,Normal,06-10-2023,"2,00,000.00 ",12,04-10-2024,15,3,18,Yearly,,,,,,,,,"2,00,000.00 ",
1143,Other Loans,Small Business Development Loan,998,Small Business Loans ,3,Normal,30-12-2023,"1,00,000.00 ",12,28-12-2024,15,3,18,Yearly,,,,,,,,,"1,00,000.00 ",
1831,Other Loans,Small Business Development Loan,"1,000",Small Business Loans ,3,Normal,03-05-2023,"2,00,000.00 ",12,01-05-2024,15,3,18,Yearly,,,,,,,,,"2,00,000.00 ",
1891,Other Loans,Small Business Development Loan,"1,001",Small Business Loans ,3,Normal,03-02-2024,"40,000.00 ",12,01-02-2025,15,3,18,Yearly,,,,,,,,,"40,000.00 ",
2098,Other Loans,Small Business Development Loan,"1,002",Small Business Loans ,3,Normal,03-02-2024,"60,000.00 ",12,01-02-2025,15,3,18,Yearly,,,,,,,,,"60,000.00 ",
2121,Other Loans,Small Business Development Loan,"1,003",Small Business Loans ,3,Normal,06-02-2024,"2,00,000.00 ",12,04-02-2025,15,3,18,Yearly,,,,,,,,,"2,00,000.00 ",
219,Other Loans,Small Business Development Loan,"1,004",Small Business Loans ,3,Normal,05-02-2024,"62,000.00 ",12,03-02-2025,15,3,18,Yearly,,,,,,,,,"62,000.00 ",
265,Other Loans,Small Business Development Loan,"1,005",Small Business Loans ,3,Normal,13-02-2024,"50,000.00 ",12,11-02-2025,15,3,18,Yearly,,,,,,,,,"50,000.00 ",
316,Other Loans,Small Business Development Loan,"1,006",Small Business Loans ,3,Normal,13-02-2024,"50,000.00 ",12,11-02-2025,15,3,18,Yearly,,,,,,,,,"50,000.00 ",
524,Other Loans,Small Business Development Loan,"1,008",Small Business Loans ,3,Normal,30-03-2024,"1,50,000.00 ",12,29-03-2025,15,3,18,Yearly,,,,,,,,,"1,50,000.00 ",
2242,Other Loans,Small Business Development Loan,"1,009",Small Business Loans ,3,Normal,06-02-2024,"1,00,000.00 ",12,04-02-2025,15,3,18,Yearly,,,,,,,,,"1,00,000.00 ",
1465,Other Loans,Small Business Development Loan,"1,011",Small Business Loans ,3,Normal,22-08-2023,"2,00,000.00 ",12,20-08-2024,15,3,18,Yearly,,,,,,,,,"2,00,000.00 ",
276,Other Loans,Small Business Development Loan,"1,013",Small Business Loans ,3,Normal,06-02-2024,"30,000.00 ",12,04-02-2025,15,3,18,Yearly,,,,,,,,,"30,000.00 ",
2382,Other Loans,Small Business Development Loan,"1,014",Small Business Loans ,3,Normal,06-03-2024,"50,000.00 ",12,05-03-2025,15,3,18,Yearly,,,,,,,,,"50,000.00 ",
692,Other Loans,Small Business Development Loan,"1,015",Small Business Loans ,3,Normal,13-09-2023,"1,00,000.00 ",12,11-09-2024,15,3,18,Yearly,,,,,,,,,"1,00,000.00 ",
10538,Other Loans,Small Business Development Loan,"1,016",Small Business Loans ,3,Normal,12-06-2023,"1,00,000.00 ",12,10-06-2024,15,3,18,Yearly,,,,,,,,,"1,00,000.00 ",
1372,Other Loans,Small Business Development Loan,"1,017",Small Business Loans ,3,Normal,01-03-2024,"50,000.00 ",12,28-02-2025,15,3,18,Yearly,,,,,,,,,"50,000.00 ",
1561,Other Loans,Small Business Development Loan,"1,018",Small Business Loans ,3,Normal,25-01-2024,"1,00,000.00 ",12,23-01-2025,15,3,18,Yearly,,,,,,,,,"1,00,000.00 ",
1699,Other Loans,Small Business Development Loan,"1,019",Small Business Loans ,3,Normal,02-03-2024,"50,000.00 ",12,01-03-2025,15,3,18,Yearly,,,,,,,,,"50,000.00 ",
2126,Other Loans,Small Business Development Loan,"1,020",Small Business Loans ,3,Normal,20-06-2023,"2,00,000.00 ",12,18-06-2024,15,3,18,Yearly,,,,,,,,,"2,00,000.00 ",
678,Other Loans,Small Business Development Loan,"1,021",Small Business Loans ,3,Normal,03-08-2023,"33,370.00 ",12,01-08-2024,15,3,18,Yearly,,,,,,,,,"33,370.00 ",
2099,Other Loans,Small Business Development Loan,"1,024",Small Business Loans ,3,Normal,30-03-2024,"50,000.00 ",12,29-03-2025,15,3,18,Yearly,,,,,,,,,"50,000.00 ",
1939,Other Loans,Small Business Development Loan,"1,025",Small Business Loans ,3,Normal,30-03-2024,"50,000.00 ",12,29-03-2025,15,3,18,Yearly,,,,,,,,,"50,000.00 ",
1337,Other Loans,Small Business Development Loan,"1,028",Small Business Loans ,3,Normal,06-02-2024,"1,00,000.00 ",12,04-02-2025,15,3,18,Yearly,,,,,,,,,"1,00,000.00 ",
1560,Other Loans,Small Business Development Loan,"1,029",Small Business Loans ,4,Normal,29-08-2023,"1,00,000.00 ",12,27-08-2024,15,3,18,Yearly,,,,,,,,,"1,00,000.00 ",
1601,Other Loans,Small Business Development Loan,"1,030",Small Business Loans ,4,Normal,11-03-2024,"50,000.00 ",12,10-03-2025,15,3,18,Yearly,,,,,,,,,"50,000.00 ",
296,Other Loans,Small Business Development Loan,"1,031",Small Business Loans ,4,Normal,13-06-2023,"1,50,000.00 ",12,11-06-2024,15,3,18,Yearly,,,,,,,,,"1,50,000.00 ",
324,Other Loans,Small Business Development Loan,"1,032",Small Business Loans ,4,Normal,31-03-2023,"2,00,000.00 ",12,29-03-2024,15,3,18,Yearly,,,,,,,,,"2,00,000.00 ",
518,Other Loans,Small Business Development Loan,"1,033",Small Business Loans ,4,Normal,19-03-2024,"50,000.00 ",12,18-03-2025,15,3,18,Yearly,,,,,,,,,"50,000.00 ",
1106,Other Loans,Small Business Development Loan,"1,034",Small Business Loans ,4,Normal,04-10-2023,"37,000.00 ",12,02-10-2024,15,3,18,Yearly,,,,,,,,,"37,000.00 ",
1115,Other Loans,Small Business Development Loan,"1,035",Small Business Loans ,4,Normal,23-01-2024,"90,000.00 ",12,21-01-2025,15,3,18,Yearly,,,,,,,,,"90,000.00 ",
1203,Other Loans,Small Business Development Loan,"1,037",Small Business Loans ,4,Normal,13-02-2024,"60,000.00 ",12,11-02-2025,15,3,18,Yearly,,,,,,,,,"60,000.00 ",
1280,Other Loans,Small Business Development Loan,"1,038",Small Business Loans ,4,Normal,03-12-2022,"1,00,000.00 ",12,02-12-2023,15,3,18,Yearly,,,,,,,,,"1,00,000.00 ",
1509,Other Loans,Small Business Development Loan,"1,039",Small Business Loans ,4,Normal,09-02-2024,"70,000.00 ",12,07-02-2025,15,3,18,Yearly,,,,,,,,,"70,000.00 ",
594,Other Loans,Small Business Development Loan,"1,040",Small Business Loans ,4,Normal,19-06-2023,"1,00,000.00 ",12,17-06-2024,15,3,18,Yearly,,,,,,,,,"1,00,000.00 ",
2325,Other Loans,Small Business Development Loan,"1,041",Small Business Loans ,4,Normal,22-01-2024,"1,00,000.00 ",12,20-01-2025,15,3,18,Yearly,,,,,,,,,"1,00,000.00 ",
1220,Other Loans,Small Business Development Loan,"1,042",Small Business Loans ,4,Normal,12-03-2024,"50,000.00 ",12,11-03-2025,15,3,18,Yearly,,,,,,,,,"50,000.00 ",
1553,Other Loans,Small Business Development Loan,"1,043",Small Business Loans ,4,Normal,18-11-2022,"1,99,000.00 ",12,17-11-2023,15,3,18,Yearly,,,,,,,,,"1,99,000.00 ",
865,Other Loans,Small Business Development Loan,"1,044",Small Business Loans ,4,Normal,06-02-2024,"2,00,000.00 ",12,04-02-2025,15,3,18,Yearly,,,,,,,,,"2,00,000.00 ",
811,Other Loans,Small Business Development Loan,"1,046",Small Business Loans ,4,Normal,13-02-2024,"35,000.00 ",12,11-02-2025,15,3,18,Yearly,,,,,,,,,"35,000.00 ",
1154,Other Loans,Small Business Development Loan,"1,047",Small Business Loans ,4,Normal,03-02-2024,"1,50,000.00 ",12,01-02-2025,15,3,18,Yearly,,,,,,,,,"1,50,000.00 ",
1742,Other Loans,Small Business Development Loan,"1,049",Small Business Loans ,4,Normal,22-03-2024,"1,00,000.00 ",12,21-03-2025,15,3,18,Yearly,,,,,,,,,"1,00,000.00 ",
1339,Other Loans,Small Business Development Loan,"1,051",Small Business Loans ,4,Normal,13-02-2024,"50,000.00 ",12,11-02-2025,15,3,18,Yearly,,,,,,,,,"50,000.00 ",
1362,Other Loans,Small Business Development Loan,"1,052",Small Business Loans ,4,Normal,30-03-2024,"15,000.00 ",12,29-03-2025,15,3,18,Yearly,,,,,,,,,"15,000.00 ",
74,Other Loans,Small Business Development Loan,"1,053",Small Business Loans ,4,Normal,30-03-2024,"1,00,000.00 ",12,29-03-2025,15,3,18,Yearly,,,,,,,,,"1,00,000.00 ",
1567,Other Loans,Small Business Development Loan,"1,054",Small Business Loans ,4,Normal,05-02-2024,"1,00,000.00 ",12,03-02-2025,15,3,18,Yearly,,,,,,,,,"1,00,000.00 ",
10327,Other Loans,Small Business Development Loan,"1,055",Small Business Loans ,4,Normal,21-03-2024,"1,50,000.00 ",12,20-03-2025,15,3,18,Yearly,,,,,,,,,"1,50,000.00 ",
1082,Other Loans,Small Business Development Loan,"1,057",Small Business Loans ,4,Normal,25-04-2023,"1,50,000.00 ",12,23-04-2024,15,3,18,Yearly,,,,,,,,,"1,50,000.00 ",
1206,Other Loans,Small Business Development Loan,"1,059",Small Business Loans ,4,Normal,12-03-2024,"50,000.00 ",12,11-03-2025,15,3,18,Yearly,,,,,,,,,"50,000.00 ",
1844,Other Loans,Small Business Development Loan,"1,060",Small Business Loans ,4,Normal,24-04-2023,"1,50,000.00 ",12,22-04-2024,15,3,18,Yearly,,,,,,,,,"1,50,000.00 ",
499,Other Loans,Small Business Development Loan,"1,061",Small Business Loans ,4,Normal,11-05-2023,"1,00,000.00 ",12,09-05-2024,15,3,18,Yearly,,,,,,,,,"1,00,000.00 ",
2107,Other Loans,Small Business Development Loan,"1,062",Small Business Loans ,4,Normal,12-02-2024,"1,00,000.00 ",12,10-02-2025,15,3,18,Yearly,,,,,,,,,"1,00,000.00 ",
566,Other Loans,Small Business Development Loan,"1,064",Small Business Loans ,4,Normal,13-04-2023,"2,00,000.00 ",12,11-04-2024,15,3,18,Yearly,,,,,,,,,"2,00,000.00 ",
670,Other Loans,Small Business Development Loan,"1,065",Small Business Loans ,4,Normal,20-06-2023,"2,00,000.00 ",12,18-06-2024,15,3,18,Yearly,,,,,,,,,"2,00,000.00 ",
1586,Other Loans,Small Business Development Loan,"1,066",Small Business Loans ,4,Normal,26-12-2023,"1,00,000.00 ",12,24-12-2024,15,3,18,Yearly,,,,,,,,,"1,00,000.00 ",
874,Other Loans,Small Business Development Loan,"1,067",Small Business Loans ,4,Normal,20-05-2023,"1,00,000.00 ",12,18-05-2024,15,3,18,Yearly,,,,,,,,,"1,00,000.00 ",
2141,Other Loans,Small Business Development Loan,"1,068",Small Business Loans ,4,Normal,26-07-2023,"1,50,000.00 ",12,24-07-2024,15,3,18,Yearly,,,,,,,,,"1,50,000.00 ",
1982,Other Loans,Small Business Development Loan,"1,069",Small Business Loans ,4,Normal,05-12-2023,"2,00,000.00 ",12,03-12-2024,15,3,18,Yearly,,,,,,,,,"2,00,000.00 ",
818,Other Loans,Small Business Development Loan,"1,070",Small Business Loans ,4,Normal,28-06-2023,"2,00,000.00 ",12,26-06-2024,15,3,18,Yearly,,,,,,,,,"2,00,000.00 ",
38,Other Loans,Small Business Development Loan,"1,071",Small Business Loans ,4,Normal,18-07-2023,"2,00,000.00 ",12,16-07-2024,15,3,18,Yearly,,,,,,,,,"2,00,000.00 ",
10384,Other Loans,Small Business Development Loan,"1,073",Small Business Loans ,4,Normal,29-04-2023,"1,00,000.00 ",12,27-04-2024,15,3,18,Yearly,,,,,,,,,"1,00,000.00 ",
1859,Other Loans,Small Business Development Loan,"1,075",Small Business Loans ,4,Normal,26-08-2022,"1,00,000.00 ",12,25-08-2023,15,3,18,Yearly,,,,,,,,,"1,00,000.00 ",
2144,Other Loans,Small Business Development Loan,"1,076",Small Business Loans ,4,Normal,09-05-2023,"1,00,000.00 ",12,07-05-2024,15,3,18,Yearly,,,,,,,,,"1,00,000.00 ",
326,Other Loans,Small Business Development Loan,"1,077",Small Business Loans ,4,Normal,02-03-2024,"2,00,000.00 ",12,01-03-2025,15,3,18,Yearly,,,,,,,,,"2,00,000.00 ",
2104,Other Loans,Small Business Development Loan,"1,078",Small Business Loans ,4,Normal,16-06-2023,"2,00,000.00 ",12,14-06-2024,15,3,18,Yearly,,,,,,,,,"2,00,000.00 ",
1902,Other Loans,Small Business Development Loan,"1,079",Small Business Loans ,4,Normal,24-04-2023,"50,000.00 ",12,22-04-2024,15,3,18,Yearly,,,,,,,,,"50,000.00 ",
10519,Other Loans,Small Business Development Loan,"1,080",Small Business Loans ,4,Normal,09-05-2023,"2,00,000.00 ",12,07-05-2024,15,3,18,Yearly,,,,,,,,,"2,00,000.00 ",
2108,Other Loans,Small Business Development Loan,"1,082",Small Business Loans ,4,Normal,20-07-2023,"1,00,000.00 ",12,18-07-2024,15,3,18,Yearly,,,,,,,,,"1,00,000.00 ",
1723,Other Loans,Small Business Development Loan,"1,086",Small Business Loans ,4,Normal,24-04-2023,"50,000.00 ",12,22-04-2024,15,3,18,Yearly,,,,,,,,,"50,000.00 ",
2138,Other Loans,Small Business Development Loan,"1,087",Small Business Loans ,4,Normal,27-06-2023,"60,000.00 ",12,25-06-2024,15,3,18,Yearly,,,,,,,,,"60,000.00 ",
1354,Other Loans,Small Business Development Loan,"1,088",Small Business Loans ,4,Normal,15-06-2023,"1,00,000.00 ",12,13-06-2024,15,3,18,Yearly,,,,,,,,,"1,00,000.00 ",
962,Other Loans,Small Business Development Loan,"1,089",Small Business Loans ,4,Normal,03-07-2023,"1,50,000.00 ",12,01-07-2024,15,3,18,Yearly,,,,,,,,,"1,50,000.00 ",
2147,Other Loans,Small Business Development Loan,"1,090",Small Business Loans ,4,Normal,02-08-2023,"1,00,000.00 ",12,31-07-2024,15,3,18,Yearly,,,,,,,,,"1,00,000.00 ",
10267,Other Loans,Small Business Development Loan,"1,095",Small Business Loans ,4,Normal,07-07-2023,"2,00,000.00 ",12,05-07-2024,15,3,18,Yearly,,,,,,,,,"2,00,000.00 ",
1713,Other Loans,Small Business Development Loan,"1,098",Small Business Loans ,4,Normal,05-12-2023,"2,00,000.00 ",12,03-12-2024,15,3,18,Yearly,,,,,,,,,"2,00,000.00 ",
1839,Other Loans,Small Business Development Loan,"1,099",Small Business Loans ,4,Normal,07-07-2023,"1,00,000.00 ",12,05-07-2024,15,3,18,Yearly,,,,,,,,,"1,00,000.00 ",
1607,Other Loans,Small Business Development Loan,"1,100",Small Business Loans ,4,Normal,16-06-2023,"1,00,000.00 ",12,14-06-2024,15,3,18,Yearly,,,,,,,,,"1,00,000.00 ",
456,Other Loans,Small Business Development Loan,"1,101",Small Business Loans ,4,Normal,02-08-2023,"1,00,000.00 ",12,31-07-2024,15,3,18,Yearly,,,,,,,,,"1,00,000.00 ",
2187,Other Loans,Small Business Development Loan,"1,102",Small Business Loans ,4,Normal,30-03-2024,"2,00,000.00 ",12,29-03-2025,15,3,18,Yearly,,,,,,,,,"2,00,000.00 ",
1590,Other Loans,Small Business Development Loan,"1,104",Small Business Loans ,4,Normal,06-05-2023,"1,00,000.00 ",12,04-05-2024,15,3,18,Yearly,,,,,,,,,"1,00,000.00 ",
2131,Other Loans,Small Business Development Loan,"1,105",Small Business Loans ,4,Normal,16-09-2023,"1,00,000.00 ",12,14-09-2024,15,3,18,Yearly,,,,,,,,,"1,00,000.00 ",
2190,Other Loans,Small Business Development Loan,"1,106",Small Business Loans ,4,Normal,08-12-2023,"1,00,000.00 ",12,06-12-2024,15,3,18,Yearly,,,,,,,,,"1,00,000.00 ",
2127,Other Loans,Small Business Development Loan,"1,108",Small Business Loans ,4,Normal,30-09-2023,"1,00,000.00 ",12,28-09-2024,15,3,18,Yearly,,,,,,,,,"1,00,000.00 ",
148,Other Loans,Small Business Development Loan,"1,109",Small Business Loans ,4,Normal,31-03-2023,"1,00,000.00 ",12,29-03-2024,15,3,18,Yearly,,,,,,,,,"1,00,000.00 ",
2179,Other Loans,Small Business Development Loan,"1,110",Small Business Loans ,4,Normal,09-11-2023,"50,000.00 ",12,07-11-2024,15,3,18,Yearly,,,,,,,,,"50,000.00 ",
2192,Other Loans,Small Business Development Loan,"1,113",Small Business Loans ,4,Normal,30-03-2024,"1,95,300.00 ",12,29-03-2025,15,3,18,Yearly,,,,,,,,,"1,95,300.00 ",
2191,Other Loans,Small Business Development Loan,"1,114",Small Business Loans ,4,Normal,17-11-2023,"1,00,000.00 ",12,15-11-2024,15,3,18,Yearly,,,,,,,,,"1,00,000.00 ",
2177,Other Loans,Small Business Development Loan,"1,115",Small Business Loans ,4,Normal,25-05-2023,"2,00,000.00 ",12,23-05-2024,15,3,18,Yearly,,,,,,,,,"2,00,000.00 ",
2199,Other Loans,Small Business Development Loan,"1,117",Small Business Loans ,4,Normal,13-10-2023,"50,000.00 ",12,11-10-2024,15,3,18,Yearly,,,,,,,,,"50,000.00 ",
644,Other Loans,Small Business Development Loan,"1,118",Small Business Loans ,4,Normal,21-08-2023,"1,00,000.00 ",12,19-08-2024,15,3,18,Yearly,,,,,,,,,"1,00,000.00 ",
2171,Other Loans,Small Business Development Loan,"1,119",Small Business Loans ,4,Normal,21-02-2023,"1,00,000.00 ",12,20-02-2024,15,3,18,Yearly,,,,,,,,,"1,00,000.00 ",
1357,Other Loans,Small Business Development Loan,"1,120",Small Business Loans ,4,Normal,13-09-2023,"50,000.00 ",12,11-09-2024,15,3,18,Yearly,,,,,,,,,"50,000.00 ",
921,Other Loans,Small Business Development Loan,"1,121",Small Business Loans ,4,Normal,26-06-2023,"2,00,000.00 ",12,24-06-2024,15,3,18,Yearly,,,,,,,,,"2,00,000.00 ",
655,Other Loans,Small Business Development Loan,"1,122",Small Business Loans ,4,Normal,09-02-2022,"1,00,000.00 ",12,08-02-2023,15,3,18,Yearly,,,,,,,,,"1,00,000.00 ",
1522,Other Loans,Small Business Development Loan,"1,124",Small Business Loans ,4,Normal,16-11-2023,"2,00,000.00 ",12,14-11-2024,15,3,18,Yearly,,,,,,,,,"2,00,000.00 ",
293,Other Loans,Small Business Development Loan,"1,125",Small Business Loans ,4,Normal,19-09-2023,"2,00,000.00 ",12,17-09-2024,15,3,18,Yearly,,,,,,,,,"2,00,000.00 ",
2205,Other Loans,Small Business Development Loan,"1,126",Small Business Loans ,4,Normal,19-07-2023,"2,00,000.00 ",12,17-07-2024,15,3,18,Yearly,,,,,,,,,"2,00,000.00 ",
2198,Other Loans,Small Business Development Loan,"1,128",Small Business Loans ,4,Normal,05-05-2023,"2,00,000.00 ",12,03-05-2024,15,3,18,Yearly,,,,,,,,,"2,00,000.00 ",
2088,Other Loans,Small Business Development Loan,"1,129",Small Business Loans ,4,Normal,24-11-2023,"1,00,000.00 ",12,22-11-2024,15,3,18,Yearly,,,,,,,,,"1,00,000.00 ",
815,Other Loans,Small Business Development Loan,"1,130",Small Business Loans ,4,Normal,22-03-2024,"1,00,000.00 ",12,21-03-2025,15,3,18,Yearly,,,,,,,,,"1,00,000.00 ",
118,Other Loans,Small Business Development Loan,"1,134",Small Business Loans ,4,Normal,15-06-2023,"1,00,000.00 ",12,13-06-2024,15,3,18,Yearly,,,,,,,,,"1,00,000.00 ",
2246,Other Loans,Small Business Development Loan,"1,135",Small Business Loans ,4,Normal,18-04-2023,"1,00,000.00 ",12,16-04-2024,15,3,18,Yearly,,,,,,,,,"1,00,000.00 ",
2156,Other Loans,Small Business Development Loan,"1,136",Small Business Loans ,4,Normal,25-04-2023,"50,000.00 ",12,23-04-2024,15,3,18,Yearly,,,,,,,,,"50,000.00 ",
515,Other Loans,Small Business Development Loan,"1,139",Small Business Loans ,4,Normal,19-04-2023,"1,00,000.00 ",12,17-04-2024,15,3,18,Yearly,,,,,,,,,"1,00,000.00 ",
2248,Other Loans,Small Business Development Loan,"1,140",Small Business Loans ,4,Normal,01-08-2023,"1,50,000.00 ",12,30-07-2024,15,3,18,Yearly,,,,,,,,,"1,50,000.00 ",
1977,Other Loans,Small Business Development Loan,"1,141",Small Business Loans ,4,Normal,23-06-2023,"1,00,000.00 ",12,21-06-2024,15,3,18,Yearly,,,,,,,,,"1,00,000.00 ",
1580,Other Loans,Small Business Development Loan,"1,142",Small Business Loans ,4,Normal,17-04-2023,"2,00,000.00 ",12,15-04-2024,15,3,18,Yearly,,,,,,,,,"2,00,000.00 ",
2247,Other Loans,Small Business Development Loan,"1,143",Small Business Loans ,4,Normal,13-09-2023,"1,00,000.00 ",12,11-09-2024,15,3,18,Yearly,,,,,,,,,"1,00,000.00 ",
1087,Other Loans,Small Business Development Loan,"1,144",Small Business Loans ,4,Normal,05-04-2023,"2,00,000.00 ",12,03-04-2024,15,3,18,Yearly,,,,,,,,,"2,00,000.00 ",
2145,Other Loans,Small Business Development Loan,"1,145",Small Business Loans ,4,Normal,18-04-2023,"1,00,000.00 ",12,16-04-2024,15,3,18,Yearly,,,,,,,,,"1,00,000.00 ",
1819,Other Loans,Small Business Development Loan,"1,146",Small Business Loans ,4,Normal,28-04-2023,"50,000.00 ",12,26-04-2024,15,3,18,Yearly,,,,,,,,,"50,000.00 ",
2249,Other Loans,Small Business Development Loan,"1,147",Small Business Loans ,4,Normal,15-09-2023,"2,00,000.00 ",12,13-09-2024,15,3,18,Yearly,,,,,,,,,"2,00,000.00 ",
2251,Other Loans,Small Business Development Loan,"1,148",Small Business Loans ,4,Normal,04-09-2023,"2,00,000.00 ",12,02-09-2024,15,3,18,Yearly,,,,,,,,,"2,00,000.00 ",
2254,Other Loans,Small Business Development Loan,"1,149",Small Business Loans ,4,Normal,06-06-2023,"1,00,000.00 ",12,04-06-2024,15,3,18,Yearly,,,,,,,,,"1,00,000.00 ",
2244,Other Loans,Small Business Development Loan,"1,150",Small Business Loans ,4,Normal,04-08-2023,"2,00,000.00 ",12,02-08-2024,15,3,18,Yearly,,,,,,,,,"2,00,000.00 ",
2139,Other Loans,Small Business Development Loan,"1,151",Small Business Loans ,4,Normal,14-06-2023,"1,00,000.00 ",12,12-06-2024,15,3,18,Yearly,,,,,,,,,"1,00,000.00 ",
2256,Other Loans,Small Business Development Loan,"1,152",Small Business Loans ,4,Normal,30-06-2023,"1,50,000.00 ",12,28-06-2024,15,3,18,Yearly,,,,,,,,,"1,50,000.00 ",
2203,Other Loans,Small Business Development Loan,"1,154",Small Business Loans ,4,Normal,05-07-2023,"2,00,000.00 ",12,03-07-2024,15,3,18,Yearly,,,,,,,,,"2,00,000.00 ",
643,Other Loans,Small Business Development Loan,"1,155",Small Business Loans ,4,Normal,26-06-2023,"2,00,000.00 ",12,24-06-2024,15,3,18,Yearly,,,,,,,,,"2,00,000.00 ",
2265,Other Loans,Small Business Development Loan,"1,156",Small Business Loans ,4,Normal,30-06-2023,"1,00,000.00 ",12,28-06-2024,15,3,18,Yearly,,,,,,,,,"1,00,000.00 ",
220,Other Loans,Small Business Development Loan,"1,157",Small Business Loans ,4,Normal,19-07-2023,"1,21,190.00 ",12,17-07-2024,15,3,18,Yearly,,,,,,,,,"1,21,190.00 ",
2165,Other Loans,Small Business Development Loan,"1,158",Small Business Loans ,4,Normal,30-06-2023,"1,00,000.00 ",12,28-06-2024,15,3,18,Yearly,,,,,,,,,"1,00,000.00 ",
791,Other Loans,Small Business Development Loan,"1,159",Small Business Loans ,4,Normal,16-03-2024,"2,00,000.00 ",12,15-03-2025,15,3,18,Yearly,,,,,,,,,"2,00,000.00 ",
525,Other Loans,Small Business Development Loan,"1,160",Small Business Loans ,4,Normal,29-05-2023,"2,00,000.00 ",12,27-05-2024,15,3,18,Yearly,,,,,,,,,"2,00,000.00 ",
85,Other Loans,Small Business Development Loan,"1,162",Small Business Loans ,4,Normal,30-06-2023,"2,00,000.00 ",12,28-06-2024,15,3,18,Yearly,,,,,,,,,"2,00,000.00 ",
1783,Other Loans,Small Business Development Loan,"1,163",Small Business Loans ,4,Normal,18-08-2023,"2,00,000.00 ",12,16-08-2024,15,3,18,Yearly,,,,,,,,,"2,00,000.00 ",
2288,Other Loans,Small Business Development Loan,"1,164",Small Business Loans ,4,Normal,24-07-2023,"2,00,000.00 ",12,22-07-2024,15,3,18,Yearly,,,,,,,,,"2,00,000.00 ",
2153,Other Loans,Small Business Development Loan,"1,165",Small Business Loans ,4,Normal,28-08-2023,"2,00,000.00 ",12,26-08-2024,15,3,18,Yearly,,,,,,,,,"2,00,000.00 ",
567,Other Loans,Small Business Development Loan,"1,166",Small Business Loans ,4,Normal,15-09-2023,"25,000.00 ",12,13-09-2024,15,3,18,Yearly,,,,,,,,,"25,000.00 ",
1738,Other Loans,Small Business Development Loan,"1,167",Small Business Loans ,4,Normal,22-08-2023,"2,00,000.00 ",12,20-08-2024,15,3,18,Yearly,,,,,,,,,"2,00,000.00 ",
67,Other Loans,Small Business Development Loan,"1,168",Small Business Loans ,4,Normal,12-09-2023,"50,000.00 ",12,10-09-2024,15,3,18,Yearly,,,,,,,,,"50,000.00 ",
2272,Other Loans,Small Business Development Loan,"1,169",Small Business Loans ,4,Normal,01-09-2023,"2,00,000.00 ",12,30-08-2024,15,3,18,Yearly,,,,,,,,,"2,00,000.00 ",
1197,Other Loans,Small Business Development Loan,"1,170",Small Business Loans ,4,Normal,01-09-2023,"2,00,000.00 ",12,30-08-2024,15,3,18,Yearly,,,,,,,,,"2,00,000.00 ",
2294,Other Loans,Small Business Development Loan,"1,171",Small Business Loans ,4,Normal,22-11-2023,"2,00,000.00 ",12,20-11-2024,15,3,18,Yearly,,,,,,,,,"2,00,000.00 ",
2306,Other Loans,Small Business Development Loan,"1,172",Small Business Loans ,4,Normal,15-11-2023,"1,00,000.00 ",12,13-11-2024,15,3,18,Yearly,,,,,,,,,"1,00,000.00 ",
1191,Other Loans,Small Business Development Loan,"1,173",Small Business Loans ,4,Normal,31-10-2023,"1,00,000.00 ",12,29-10-2024,15,3,18,Yearly,,,,,,,,,"1,00,000.00 ",
2297,Other Loans,Small Business Development Loan,"1,174",Small Business Loans ,4,Normal,21-11-2023,"2,00,000.00 ",12,19-11-2024,15,3,18,Yearly,,,,,,,,,"2,00,000.00 ",
2296,Other Loans,Small Business Development Loan,"1,175",Small Business Loans ,4,Normal,26-12-2023,"1,00,000.00 ",12,24-12-2024,15,3,18,Yearly,,,,,,,,,"1,00,000.00 ",
150,Other Loans,Small Business Development Loan,"1,177",Small Business Loans ,4,Normal,06-12-2023,"2,00,000.00 ",12,04-12-2024,15,3,18,Yearly,,,,,,,,,"2,00,000.00 ",
2299,Other Loans,Small Business Development Loan,"1,178",Small Business Loans ,4,Normal,04-12-2023,"1,00,000.00 ",12,02-12-2024,15,3,18,Yearly,,,,,,,,,"1,00,000.00 ",
2315,Other Loans,Small Business Development Loan,"1,179",Small Business Loans ,4,Normal,08-12-2023,"2,00,000.00 ",12,06-12-2024,15,3,18,Yearly,,,,,,,,,"2,00,000.00 ",
1268,Other Loans,Small Business Development Loan,"1,180",Small Business Loans ,4,Normal,10-11-2023,"1,00,000.00 ",12,08-11-2024,15,3,18,Yearly,,,,,,,,,"1,00,000.00 ",
640,Other Loans,Small Business Development Loan,"1,181",Small Business Loans ,4,Normal,01-12-2023,"1,00,000.00 ",12,29-11-2024,15,3,18,Yearly,,,,,,,,,"1,00,000.00 ",
2268,Other Loans,Small Business Development Loan,"1,182",Small Business Loans ,4,Normal,02-12-2023,"2,00,000.00 ",12,30-11-2024,15,3,18,Yearly,,,,,,,,,"2,00,000.00 ",
2318,Other Loans,Small Business Development Loan,"1,183",Small Business Loans ,4,Normal,31-03-2023,"1,00,000.00 ",12,29-03-2024,15,3,18,Yearly,,,,,,,,,"1,00,000.00 ",
2277,Other Loans,Small Business Development Loan,"1,184",Small Business Loans ,4,Normal,27-03-2024,"50,000.00 ",12,26-03-2025,15,3,18,Yearly,,,,,,,,,"50,000.00 ",
2323,Other Loans,Small Business Development Loan,"1,185",Small Business Loans ,4,Normal,18-10-2023,"1,00,000.00 ",12,16-10-2024,15,3,18,Yearly,,,,,,,,,"1,00,000.00 ",
1242,Other Loans,Small Business Development Loan,"1,186",Small Business Loans ,4,Normal,07-12-2023,"1,00,000.00 ",12,05-12-2024,15,3,18,Yearly,,,,,,,,,"1,00,000.00 ",
2304,Other Loans,Small Business Development Loan,"1,187",Small Business Loans ,4,Normal,03-02-2024,"50,000.00 ",12,01-02-2025,15,3,18,Yearly,,,,,,,,,"50,000.00 ",
2322,Other Loans,Small Business Development Loan,"1,188",Small Business Loans ,4,Normal,26-03-2024,"1,00,000.00 ",12,25-03-2025,15,3,18,Yearly,,,,,,,,,"1,00,000.00 ",
587,Other Loans,Small Business Development Loan,"1,189",Small Business Loans ,4,Normal,06-01-2024,"2,00,000.00 ",12,04-01-2025,15,3,18,Yearly,,,,,,,,,"2,00,000.00 ",
2120,Other Loans,Small Business Development Loan,"1,190",Small Business Loans ,4,Normal,02-02-2024,"50,000.00 ",12,31-01-2025,15,3,18,Yearly,,,,,,,,,"50,000.00 ",
2316,Other Loans,Small Business Development Loan,"1,191",Small Business Loans ,4,Normal,04-03-2024,"1,00,000.00 ",12,03-03-2025,15,3,18,Yearly,,,,,,,,,"1,00,000.00 ",
2313,Other Loans,Small Business Development Loan,"1,192",Small Business Loans ,4,Normal,30-03-2024,"72,060.00 ",12,29-03-2025,15,3,18,Yearly,,,,,,,,,"72,060.00 ",
1269,Other Loans,Small Business Development Loan,"1,193",Small Business Loans ,4,Normal,20-02-2024,"1,00,000.00 ",12,18-02-2025,15,3,18,Yearly,,,,,,,,,"1,00,000.00 ",
2352,Other Loans,Small Business Development Loan,"1,194",Small Business Loans ,4,Normal,20-02-2024,"1,00,000.00 ",12,18-02-2025,15,3,18,Yearly,,,,,,,,,"1,00,000.00 ",
2389,Other Loans,Small Business Development Loan,"1,196",Small Business Loans ,4,Normal,30-03-2024,"1,00,000.00 ",12,29-03-2025,15,3,18,Yearly,,,,,,,,,"1,00,000.00 ",
2103,Other Loans,Small Business Development Loan,"1,197",Small Business Loans ,4,Normal,28-04-2023,"1,00,000.00 ",12,26-04-2024,15,3,18,Yearly,,,,,,,,,"1,00,000.00 ",
863,Other Loans,Small Business Development Loan,"1,198",Small Business Loans ,4,Normal,05-04-2023,"1,00,000.00 ",12,03-04-2024,15,3,18,Yearly,,,,,,,,,"1,00,000.00 ",
2319,Other Loans,Small Business Development Loan,"1,200",Small Business Loans ,4,Normal,30-05-2023,"1,00,000.00 ",12,28-05-2024,15,3,18,Yearly,,,,,,,,,"1,00,000.00 ",
10324,Other Loans,Small Business Development Loan,"1,201",Small Business Loans ,4,Normal,23-05-2023,"2,00,000.00 ",12,21-05-2024,15,3,18,Yearly,,,,,,,,,"2,00,000.00 ",
473,Other Loans,Small Business Development Loan,"1,202",Small Business Loans ,4,Normal,18-05-2023,"2,00,000.00 ",12,16-05-2024,15,3,18,Yearly,,,,,,,,,"2,00,000.00 ",
2172,Other Loans,Small Business Development Loan,"1,203",Small Business Loans ,4,Normal,17-05-2023,"1,00,000.00 ",12,15-05-2024,15,3,18,Yearly,,,,,,,,,"1,00,000.00 ",
2394,Other Loans,Small Business Development Loan,"1,205",Small Business Loans ,4,Normal,22-05-2023,"1,00,000.00 ",12,20-05-2024,15,3,18,Yearly,,,,,,,,,"1,00,000.00 ",
155,Other Loans,Small Business Development Loan,"1,206",Small Business Loans ,4,Normal,02-08-2023,"1,80,000.00 ",12,31-07-2024,15,3,18,Yearly,,,,,,,,,"1,80,000.00 ",
2188,Other Loans,Small Business Development Loan,"1,207",Small Business Loans ,4,Normal,08-05-2023,"50,000.00 ",12,06-05-2024,15,3,18,Yearly,,,,,,,,,"50,000.00 ",
2402,Other Loans,Small Business Development Loan,"1,208",Small Business Loans ,4,Normal,27-06-2023,"1,00,000.00 ",12,25-06-2024,15,3,18,Yearly,,,,,,,,,"1,00,000.00 ",
2399,Other Loans,Small Business Development Loan,"1,209",Small Business Loans ,4,Normal,16-06-2023,"50,000.00 ",12,14-06-2024,15,3,18,Yearly,,,,,,,,,"50,000.00 ",
2391,Other Loans,Small Business Development Loan,"1,210",Small Business Loans ,4,Normal,05-06-2023,"1,00,000.00 ",12,03-06-2024,15,3,18,Yearly,,,,,,,,,"1,00,000.00 ",
2410,Other Loans,Small Business Development Loan,"1,211",Small Business Loans ,4,Normal,19-06-2023,"1,00,000.00 ",12,17-06-2024,15,3,18,Yearly,,,,,,,,,"1,00,000.00 ",
966,Other Loans,Small Business Development Loan,"1,212",Small Business Loans ,4,Normal,28-06-2022,"1,00,000.00 ",12,27-06-2023,15,3,18,Yearly,,,,,,,,,"1,00,000.00 ",
2387,Other Loans,Small Business Development Loan,"1,213",Small Business Loans ,4,Normal,27-06-2023,"50,000.00 ",12,25-06-2024,15,3,18,Yearly,,,,,,,,,"50,000.00 ",
2403,Other Loans,Small Business Development Loan,"1,214",Small Business Loans ,4,Normal,27-06-2023,"90,000.00 ",12,25-06-2024,15,3,18,Yearly,,,,,,,,,"90,000.00 ",
1801,Other Loans,Small Business Development Loan,"1,215",Small Business Loans ,4,Normal,30-06-2023,"1,00,000.00 ",12,28-06-2024,15,3,18,Yearly,,,,,,,,,"1,00,000.00 ",
1815,Other Loans,Small Business Development Loan,"1,216",Small Business Loans ,4,Normal,08-06-2023,"1,00,000.00 ",12,06-06-2024,15,3,18,Yearly,,,,,,,,,"1,00,000.00 ",
2395,Other Loans,Small Business Development Loan,"1,217",Small Business Loans ,4,Normal,25-07-2023,"1,00,000.00 ",12,23-07-2024,15,3,18,Yearly,,,,,,,,,"1,00,000.00 ",
2417,Other Loans,Small Business Development Loan,"1,218",Small Business Loans ,4,Normal,18-07-2023,"1,00,000.00 ",12,16-07-2024,15,3,18,Yearly,,,,,,,,,"1,00,000.00 ",
1128,Other Loans,Small Business Development Loan,"1,219",Small Business Loans ,4,Normal,19-07-2023,"2,00,000.00 ",12,17-07-2024,15,3,18,Yearly,,,,,,,,,"2,00,000.00 ",
697,Other Loans,Small Business Development Loan,"1,220",Small Business Loans ,4,Normal,18-07-2023,"1,00,000.00 ",12,16-07-2024,15,3,18,Yearly,,,,,,,,,"1,00,000.00 ",
2419,Other Loans,Small Business Development Loan,"1,221",Small Business Loans ,4,Normal,14-07-2023,"2,00,000.00 ",12,12-07-2024,15,3,18,Yearly,,,,,,,,,"2,00,000.00 ",
1608,Other Loans,Small Business Development Loan,"1,222",Small Business Loans ,4,Normal,02-08-2023,"1,60,000.00 ",12,31-07-2024,15,3,18,Yearly,,,,,,,,,"1,60,000.00 ",
2423,Other Loans,Small Business Development Loan,"1,223",Small Business Loans ,4,Normal,18-08-2023,"2,00,000.00 ",12,16-08-2024,15,3,18,Yearly,,,,,,,,,"2,00,000.00 ",
2421,Other Loans,Small Business Development Loan,"1,224",Small Business Loans ,4,Normal,08-08-2023,"2,00,000.00 ",12,06-08-2024,15,3,18,Yearly,,,,,,,,,"2,00,000.00 ",
700,Other Loans,Small Business Development Loan,"1,225",Small Business Loans ,4,Normal,31-07-2023,"2,00,000.00 ",12,29-07-2024,15,3,18,Yearly,,,,,,,,,"2,00,000.00 ",
277,Other Loans,Small Business Development Loan,"1,226",Small Business Loans ,4,Normal,11-08-2023,"1,00,000.00 ",12,09-08-2024,15,3,18,Yearly,,,,,,,,,"1,00,000.00 ",
662,Other Loans,Small Business Development Loan,"1,228",Small Business Loans ,4,Normal,11-09-2023,"1,00,000.00 ",12,09-09-2024,15,3,18,Yearly,,,,,,,,,"1,00,000.00 ",
2369,Other Loans,Small Business Development Loan,"1,229",Small Business Loans ,4,Normal,30-09-2023,"1,50,000.00 ",12,28-09-2024,15,3,18,Yearly,,,,,,,,,"1,50,000.00 ",
777,Other Loans,Small Business Development Loan,"1,230",Small Business Loans ,4,Normal,30-09-2023,"1,00,000.00 ",12,28-09-2024,15,3,18,Yearly,,,,,,,,,"1,00,000.00 ",
2434,Other Loans,Small Business Development Loan,"1,231",Small Business Loans ,4,Normal,27-11-2023,"1,00,000.00 ",12,25-11-2024,15,3,18,Yearly,,,,,,,,,"1,00,000.00 ",
2435,Other Loans,Small Business Development Loan,"1,232",Small Business Loans ,4,Normal,10-11-2023,"1,00,000.00 ",12,08-11-2024,15,3,18,Yearly,,,,,,,,,"1,00,000.00 ",
2411,Other Loans,Small Business Development Loan,"1,233",Small Business Loans ,4,Normal,27-10-2023,"50,000.00 ",12,25-10-2024,15,3,18,Yearly,,,,,,,,,"50,000.00 ",
2392,Other Loans,Small Business Development Loan,"1,235",Small Business Loans ,4,Normal,29-11-2023,"2,00,000.00 ",12,27-11-2024,15,3,18,Yearly,,,,,,,,,"2,00,000.00 ",
1571,Other Loans,Small Business Development Loan,"1,236",Small Business Loans ,4,Normal,05-02-2024,"1,60,347.00 ",12,03-02-2025,15,3,18,Yearly,,,,,,,,,"1,60,347.00 ",
2326,Other Loans,Small Business Development Loan,"1,237",Small Business Loans ,4,Normal,28-12-2023,"2,00,000.00 ",12,26-12-2024,15,3,18,Yearly,,,,,,,,,"2,00,000.00 ",
1970,Other Loans,Small Business Development Loan,"1,238",Small Business Loans ,4,Normal,06-02-2024,"2,00,000.00 ",12,04-02-2025,15,3,18,Yearly,,,,,,,,,"2,00,000.00 ",
2418,Other Loans,Small Business Development Loan,"1,239",Small Business Loans ,4,Normal,30-12-2023,"1,00,000.00 ",12,28-12-2024,15,3,18,Yearly,,,,,,,,,"1,00,000.00 ",
2431,Other Loans,Small Business Development Loan,"1,240",Small Business Loans ,4,Normal,13-12-2023,"2,00,000.00 ",12,11-12-2024,15,3,18,Yearly,,,,,,,,,"2,00,000.00 ",
2449,Other Loans,Small Business Development Loan,"1,241",Small Business Loans ,4,Normal,13-09-2023,"2,00,000.00 ",12,11-09-2024,15,3,18,Yearly,,,,,,,,,"2,00,000.00 ",
2448,Other Loans,Small Business Development Loan,"1,242",Small Business Loans ,4,Normal,01-01-2024,"1,50,000.00 ",12,30-12-2024,15,3,18,Yearly,,,,,,,,,"1,50,000.00 ",
2450,Other Loans,Small Business Development Loan,"1,243",Small Business Loans ,4,Normal,11-03-2024,"1,50,000.00 ",12,10-03-2025,15,3,18,Yearly,,,,,,,,,"1,50,000.00 ",
10531,Other Loans,Small Business Development Loan,"1,244",Small Business Loans ,4,Normal,08-01-2024,"2,00,000.00 ",12,06-01-2025,15,3,18,Yearly,,,,,,,,,"2,00,000.00 ",
2459,Other Loans,Small Business Development Loan,"1,245",Small Business Loans ,4,Normal,07-03-2023,"1,00,000.00 ",12,05-03-2024,15,3,18,Yearly,,,,,,,,,"1,00,000.00 ",
596,Other Loans,Small Business Development Loan,"1,246",Small Business Loans ,4,Normal,07-03-2024,"2,00,000.00 ",12,06-03-2025,15,3,18,Yearly,,,,,,,,,"2,00,000.00 ",
2447,Other Loans,Small Business Development Loan,"1,247",Small Business Loans ,4,Normal,21-03-2024,"2,00,000.00 ",12,20-03-2025,15,3,18,Yearly,,,,,,,,,"2,00,000.00 ",
2474,Other Loans,Small Business Development Loan,"1,248",Small Business Loans ,4,Normal,31-05-2023,"1,00,000.00 ",12,29-05-2024,15,3,18,Yearly,,,,,,,,,"1,00,000.00 ",
2473,Other Loans,Small Business Development Loan,"1,249",Small Business Loans ,4,Normal,02-06-2023,"1,00,000.00 ",12,31-05-2024,15,3,18,Yearly,,,,,,,,,"1,00,000.00 ",
2452,Other Loans,Small Business Development Loan,"1,250",Small Business Loans ,4,Normal,03-06-2023,"2,00,000.00 ",12,01-06-2024,15,3,18,Yearly,,,,,,,,,"2,00,000.00 ",
2475,Other Loans,Small Business Development Loan,"1,251",Small Business Loans ,4,Normal,05-12-2023,"1,00,000.00 ",12,03-12-2024,15,3,18,Yearly,,,,,,,,,"1,00,000.00 ",
2461,Other Loans,Small Business Development Loan,"1,252",Small Business Loans ,4,Normal,11-01-2024,"1,14,630.00 ",12,09-01-2025,15,3,18,Yearly,,,,,,,,,"1,14,630.00 ",
2275,Other Loans,Small Business Development Loan,"1,253",Small Business Loans ,4,Normal,27-06-2023,"1,00,000.00 ",12,25-06-2024,15,3,18,Yearly,,,,,,,,,"1,00,000.00 ",
1036,Other Loans,Small Business Development Loan,"1,254",Small Business Loans ,4,Normal,01-07-2023,"1,00,000.00 ",12,29-06-2024,15,3,18,Yearly,,,,,,,,,"1,00,000.00 ",
2482,Other Loans,Small Business Development Loan,"1,256",Small Business Loans ,4,Normal,18-07-2023,"1,00,000.00 ",12,16-07-2024,15,3,18,Yearly,,,,,,,,,"1,00,000.00 ",
2491,Other Loans,Small Business Development Loan,"1,257",Small Business Loans ,4,Normal,21-07-2023,"1,00,000.00 ",12,19-07-2024,15,3,18,Yearly,,,,,,,,,"1,00,000.00 ",
2488,Other Loans,Small Business Development Loan,"1,258",Small Business Loans ,4,Normal,10-08-2023,"1,50,000.00 ",12,08-08-2024,15,3,18,Yearly,,,,,,,,,"1,50,000.00 ",
2485,Other Loans,Small Business Development Loan,"1,259",Small Business Loans ,4,Normal,14-08-2023,"1,00,000.00 ",12,12-08-2024,15,3,18,Yearly,,,,,,,,,"1,00,000.00 ",
1851,Other Loans,Small Business Development Loan,"1,260",Small Business Loans ,4,Normal,14-08-2023,"1,50,000.00 ",12,12-08-2024,15,3,18,Yearly,,,,,,,,,"1,50,000.00 ",
2133,Other Loans,Small Business Development Loan,"1,261",Small Business Loans ,4,Normal,16-08-2023,"1,50,000.00 ",12,14-08-2024,15,3,18,Yearly,,,,,,,,,"1,50,000.00 ",
497,Other Loans,Small Business Development Loan,"1,262",Small Business Loans ,4,Normal,09-02-2024,"5,000.00 ",12,07-02-2025,15,3,18,Yearly,,,,,,,,,"5,000.00 ",
1287,Other Loans,Small Business Development Loan,"1,263",Small Business Loans ,4,Normal,17-08-2023,"1,00,000.00 ",12,15-08-2024,15,3,18,Yearly,,,,,,,,,"1,00,000.00 ",
321,Other Loans,Small Business Development Loan,"1,264",Small Business Loans ,4,Normal,05-10-2023,"2,00,000.00 ",12,03-10-2024,15,3,18,Yearly,,,,,,,,,"2,00,000.00 ",
513,Other Loans,Small Business Development Loan,"1,265",Small Business Loans ,4,Normal,23-08-2023,"1,00,000.00 ",12,21-08-2024,15,3,18,Yearly,,,,,,,,,"1,00,000.00 ",
10521,Other Loans,Small Business Development Loan,"1,266",Small Business Loans ,4,Normal,29-08-2023,"1,50,000.00 ",12,27-08-2024,15,3,18,Yearly,,,,,,,,,"1,50,000.00 ",
2489,Other Loans,Small Business Development Loan,"1,267",Small Business Loans ,4,Normal,04-09-2023,"1,50,000.00 ",12,02-09-2024,15,3,18,Yearly,,,,,,,,,"1,50,000.00 ",
1748,Other Loans,Small Business Development Loan,"1,268",Small Business Loans ,4,Normal,11-09-2023,"1,50,000.00 ",12,09-09-2024,15,3,18,Yearly,,,,,,,,,"1,50,000.00 ",
2505,Other Loans,Small Business Development Loan,"1,269",Small Business Loans ,4,Normal,12-09-2023,"1,00,000.00 ",12,10-09-2024,15,3,18,Yearly,,,,,,,,,"1,00,000.00 ",
2465,Other Loans,Small Business Development Loan,"1,270",Small Business Loans ,4,Normal,03-11-2023,"2,00,000.00 ",12,01-11-2024,15,3,18,Yearly,,,,,,,,,"2,00,000.00 ",
2059,Other Loans,Small Business Development Loan,"1,271",Small Business Loans ,4,Normal,19-10-2023,"2,00,000.00 ",12,17-10-2024,15,3,18,Yearly,,,,,,,,,"2,00,000.00 ",
912,Other Loans,Small Business Development Loan,"1,272",Small Business Loans ,4,Normal,25-09-2023,"1,50,000.00 ",12,23-09-2024,15,3,18,Yearly,,,,,,,,,"1,50,000.00 ",
2463,Other Loans,Small Business Development Loan,"1,273",Small Business Loans ,4,Normal,27-09-2023,"1,00,000.00 ",12,25-09-2024,15,3,18,Yearly,,,,,,,,,"1,00,000.00 ",
2512,Other Loans,Small Business Development Loan,"1,274",Small Business Loans ,4,Normal,27-09-2023,"50,000.00 ",12,25-09-2024,15,3,18,Yearly,,,,,,,,,"50,000.00 ",
2030,Other Loans,Small Business Development Loan,"1,275",Small Business Loans ,4,Normal,29-09-2023,"1,00,000.00 ",12,27-09-2024,15,3,18,Yearly,,,,,,,,,"1,00,000.00 ",
2502,Other Loans,Small Business Development Loan,"1,276",Small Business Loans ,4,Normal,03-10-2023,"1,00,000.00 ",12,01-10-2024,15,3,18,Yearly,,,,,,,,,"1,00,000.00 ",
10537,Other Loans,Small Business Development Loan,"1,277",Small Business Loans ,4,Normal,06-10-2023,"1,00,000.00 ",12,04-10-2024,15,3,18,Yearly,,,,,,,,,"1,00,000.00 ",
10355,Other Loans,Small Business Development Loan,"1,278",Small Business Loans ,4,Normal,16-10-2023,"1,00,000.00 ",12,14-10-2024,15,3,18,Yearly,,,,,,,,,"1,00,000.00 ",
2506,Other Loans,Small Business Development Loan,"1,279",Small Business Loans ,4,Normal,03-11-2023,"1,00,000.00 ",12,01-11-2024,15,3,18,Yearly,,,,,,,,,"1,00,000.00 ",
2508,Other Loans,Small Business Development Loan,"1,280",Small Business Loans ,4,Normal,23-11-2023,"1,00,000.00 ",12,21-11-2024,15,3,18,Yearly,,,,,,,,,"1,00,000.00 ",
1945,Other Loans,Small Business Development Loan,"1,281",Small Business Loans ,4,Normal,29-11-2023,"1,00,000.00 ",12,27-11-2024,15,3,18,Yearly,,,,,,,,,"1,00,000.00 ",
2523,Other Loans,Small Business Development Loan,"1,282",Small Business Loans ,4,Normal,26-12-2023,"2,00,000.00 ",12,24-12-2024,15,3,18,Yearly,,,,,,,,,"2,00,000.00 ",
2543,Other Loans,Small Business Development Loan,"1,283",Small Business Loans ,4,Normal,29-01-2024,"2,00,000.00 ",12,27-01-2025,15,3,18,Yearly,,,,,,,,,"2,00,000.00 ",
2543,Other Loans,Small Business Development Loan,"1,284",Small Business Loans ,4,Normal,29-01-2024,"2,00,000.00 ",12,27-01-2025,15,3,18,Yearly,,,,,,,,,"2,00,000.00 ",
2550,Other Loans,Small Business Development Loan,"1,285",Small Business Loans ,4,Normal,27-02-2024,"1,00,000.00 ",12,25-02-2025,15,3,18,Yearly,,,,,,,,,"1,00,000.00 ",
2554,Other Loans,Small Business Development Loan,"1,286",Small Business Loans ,4,Normal,15-03-2024,"1,50,000.00 ",12,14-03-2025,15,3,18,Yearly,,,,,,,,,"1,50,000.00 ",
368,Other Loans,Salary Loan,1,Salary Loan,1,Normal,01-04-2023,"3,59,387.00 ",,31-05-2023,,,,,,30-03-2024,7220,,,,,,"1,93,890.00 ",
1585,Other Loans,Salary Loan,4,Salary Loan,1,Normal,01-04-2023,"2,17,932.00 ",,31-05-2023,,,,,,30-03-2024,14540,,,,,,"1,82,887.00 ",
1543,Other Loans,Salary Loan,5,Salary Loan,1,Normal,01-04-2023,"1,11,120.00 ",,31-05-2023,,,,,,30-03-2024,6840,,,,,,"1,63,005.00 ",
2067,Other Loans,Salary Loan,6,Salary Loan,1,Normal,01-04-2023,"2,17,932.00 ",,31-05-2023,,,,,,30-03-2024,7130,,,,,,"1,70,992.00 ",
1270,Other Loans,Salary Loan,7,Salary Loan,1,Normal,01-04-2023,"2,22,242.00 ",,31-05-2023,,,,,,30-03-2024,13990,,,,,,"37,780.00 ",
