"SlNo","ProductDescription","AdmissionNo","LoanNo","PurposeDescription","SanctionedDate","SanctionedAmount","LoanPeriod","DueDate","ROI","PenalROI","IOD","LedgerFolioNo","OutstandingPrincipal","OutstandingInterest","PacsId","BranchId"
,"Small Business Development Loan","510","10","Small Business Loans ","2017-10-25","2,00,000.00 ","12","2018-10-24","15","3","18","1","2,00,000.00 ","0","91150108064001",
,"Small Business Development Loan","28","44","Small Business Loans ","2021-01-19","1,00,000.00 ","12","2022-01-18","15","3","18","1","1,00,000.00 ","0","91150108064001",
,"Small Business Development Loan","1313","122","Small Business Loans ","2024-03-02","2,00,000.00 ","12","2025-03-01","15","3","18","1","2,00,000.00 ","0","91150108064001",
,"Small Business Development Loan","1422","150","Small Business Loans ","2021-03-15","30,000.00 ","12","2022-03-14","15","3","18","1","30,000.00 ","0","91150108064001",
,"Small Business Development Loan","1492","165","Small Business Loans ","2023-06-03","25,000.00 ","12","2024-06-01","15","3","18","1","25,000.00 ","0","91150108064001",
,"Small Business Development Loan","1385","169","Small Business Loans ","2024-03-27","1,00,000.00 ","12","2025-03-26","15","3","18","1","1,00,000.00 ","0","91150108064001",
,"Small Business Development Loan","1495","170","Small Business Loans ","2021-08-11","2,00,000.00 ","12","2022-08-10","15","3","18","1","2,00,000.00 ","0","91150108064001",
,"Small Business Development Loan","1499","175","Small Business Loans ","2024-02-16","31,970.00 ","12","2025-02-14","15","3","18","1","31,970.00 ","0","91150108064001",
,"Small Business Development Loan","1740","335","Small Business Loans ","2024-02-17","2,00,000.00 ","12","2025-02-15","15","3","18","1","2,00,000.00 ","0","91150108064001",
,"Small Business Development Loan","1657","472","Small Business Loans ","2023-06-02","1,25,000.00 ","12","2024-05-31","15","3","18","1","1,25,000.00 ","0","91150108064001",
,"Small Business Development Loan","501","477","Small Business Loans ","2024-03-13","50,000.00 ","12","2025-03-12","15","3","18","1","50,000.00 ","0","91150108064001",
,"Small Business Development Loan","1185","489","Small Business Loans ","2023-05-15","1,00,000.00 ","12","2024-05-13","15","3","18","1","1,00,000.00 ","0","91150108064001",
,"Small Business Development Loan","646","498","Small Business Loans ","2022-10-14","50,000.00 ","12","2023-10-13","15","3","18","1","50,000.00 ","0","91150108064001",
,"Small Business Development Loan","1654","533","Small Business Loans ","2024-03-27","30,000.00 ","12","2025-03-26","15","3","18","1","30,000.00 ","0","91150108064001",
,"Small Business Development Loan","1640","582","Small Business Loans ","2023-05-18","1,00,000.00 ","12","2024-05-16","15","3","18","1","1,00,000.00 ","0","91150108064001",
,"Small Business Development Loan","1352","589","Small Business Loans ","2023-09-11","30,000.00 ","12","2024-09-09","15","3","18","1","30,000.00 ","0","91150108064001",
,"Small Business Development Loan","62","595","Small Business Loans ","2024-02-07","51,500.00 ","12","2025-02-05","15","3","18","1","51,500.00 ","0","91150108064001",
,"Small Business Development Loan","762","599","Small Business Loans ","2024-03-11","25,000.00 ","12","2025-03-10","15","3","18","1","25,000.00 ","0","91150108064001",
,"Small Business Development Loan","1062","600","Small Business Loans ","2022-03-30","25,000.00 ","12","2023-03-29","15","3","18","1","25,000.00 ","0","91150108064001",
,"Small Business Development Loan","1439","602","Small Business Loans ","2023-08-23","50,000.00 ","12","2024-08-21","15","3","18","1","50,000.00 ","0","91150108064001",
,"Small Business Development Loan","376","604","Small Business Loans ","2022-10-06","34,000.00 ","12","2023-10-05","15","3","18","1","34,000.00 ","0","91150108064001",
,"Small Business Development Loan","42","612","Small Business Loans ","2024-01-20","2,00,000.00 ","12","2025-01-18","15","3","18","1","2,00,000.00 ","0","91150108064001",
,"Small Business Development Loan","453","613","Small Business Loans ","2019-03-29","2,00,000.00 ","12","2020-03-27","15","3","18","1","2,00,000.00 ","0","91150108064001",
,"Small Business Development Loan","519","614","Small Business Loans ","2019-03-29","2,00,000.00 ","12","2020-03-27","15","3","18","1","2,00,000.00 ","0","91150108064001",
,"Small Business Development Loan","53","615","Small Business Loans ","2019-03-29","2,00,000.00 ","12","2020-03-27","15","3","18","1","2,00,000.00 ","0","91150108064001",
,"Small Business Development Loan","584","616","Small Business Loans ","2019-03-29","2,00,000.00 ","12","2020-03-27","15","3","18","1","2,00,000.00 ","0","91150108064001",
,"Small Business Development Loan","1309","624","Small Business Loans ","2020-09-14","50,000.00 ","12","2021-09-13","15","3","18","1","50,000.00 ","0","91150108064001",
,"Small Business Development Loan","2524","627","Small Business Loans ","2023-10-18","2,00,000.00 ","12","2024-10-16","15","3","18","1","2,00,000.00 ","0","91150108064001",
,"Small Business Development Loan","572","630","Small Business Loans ","2024-02-21","50,000.00 ","12","2025-02-19","15","3","18","1","50,000.00 ","0","91150108064001",
,"Small Business Development Loan","1803","633","Small Business Loans ","2023-08-04","30,000.00 ","12","2024-08-02","15","3","18","1","30,000.00 ","0","91150108064001",
,"Small Business Development Loan","112","637","Small Business Loans ","2023-03-30","1,96,670.00 ","12","2024-03-28","15","3","18","1","1,96,670.00 ","0","91150108064001",
,"Small Business Development Loan","338","638","Small Business Loans ","2023-04-24","2,00,000.00 ","12","2024-04-22","15","3","18","1","2,00,000.00 ","0","91150108064001",
,"Small Business Development Loan","737","641","Small Business Loans ","2024-03-13","1,00,000.00 ","12","2025-03-12","15","3","18","1","1,00,000.00 ","0","91150108064001",
,"Small Business Development Loan","1604","644","Small Business Loans ","2023-04-24","50,000.00 ","12","2024-04-22","15","3","18","1","50,000.00 ","0","91150108064001",
,"Small Business Development Loan","1279","645","Small Business Loans ","2023-10-06","2,00,000.00 ","12","2024-10-04","15","3","18","1","2,00,000.00 ","0","91150108064001",
,"Small Business Development Loan","1300","646","Small Business Loans ","2024-02-19","50,000.00 ","12","2025-02-17","15","3","18","1","50,000.00 ","0","91150108064001",
,"Small Business Development Loan","1414","648","Small Business Loans ","2023-05-08","30,000.00 ","12","2024-05-06","15","3","18","1","30,000.00 ","0","91150108064001",
,"Small Business Development Loan","1905","652","Small Business Loans ","2023-06-27","1,00,000.00 ","12","2024-06-25","15","3","18","1","1,00,000.00 ","0","91150108064001",
,"Small Business Development Loan","676","653","Small Business Loans ","2023-10-31","1,58,000.00 ","12","2024-10-29","15","3","18","1","1,58,000.00 ","0","91150108064001",
,"Small Business Development Loan","1411","654","Small Business Loans ","2023-10-31","1,00,000.00 ","12","2024-10-29","15","3","18","1","1,00,000.00 ","0","91150108064001",
,"Small Business Development Loan","1167","657","Small Business Loans ","2023-12-11","2,00,000.00 ","12","2024-12-09","15","3","18","1","2,00,000.00 ","0","91150108064001",
,"Small Business Development Loan","1201","658","Small Business Loans ","2023-09-06","1,50,000.00 ","12","2024-09-04","15","3","18","1","1,50,000.00 ","0","91150108064001",
,"Small Business Development Loan","1626","659","Small Business Loans ","2023-12-12","50,000.00 ","12","2024-12-10","15","3","18","1","50,000.00 ","0","91150108064001",
,"Small Business Development Loan","1639","660","Small Business Loans ","2023-07-03","1,00,000.00 ","12","2024-07-01","15","3","18","1","1,00,000.00 ","0","91150108064001",
,"Small Business Development Loan","1906","661","Small Business Loans ","2023-07-04","1,00,000.00 ","12","2024-07-02","15","3","18","1","1,00,000.00 ","0","91150108064001",
,"Small Business Development Loan","226","662","Small Business Loans ","2023-08-04","2,00,000.00 ","12","2024-08-02","15","3","18","1","2,00,000.00 ","0","91150108064001",
,"Small Business Development Loan","2443","663","Small Business Loans ","2023-04-26","20,000.00 ","12","2024-04-24","15","3","18","1","20,000.00 ","0","91150108064001",
,"Small Business Development Loan","1526","665","Small Business Loans ","2023-12-18","1,00,000.00 ","12","2024-12-16","15","3","18","1","1,00,000.00 ","0","91150108064001",
,"Small Business Development Loan","1545","666","Small Business Loans ","2023-12-11","2,00,000.00 ","12","2024-12-09","15","3","18","1","2,00,000.00 ","0","91150108064001",
,"Small Business Development Loan","1827","667","Small Business Loans ","2023-10-26","48,000.00 ","12","2024-10-24","15","3","18","1","48,000.00 ","0","91150108064001",
,"Small Business Development Loan","340","668","Small Business Loans ","2023-05-03","1,00,000.00 ","12","2024-05-01","15","3","18","1","1,00,000.00 ","0","91150108064001",
,"Small Business Development Loan","492","669","Small Business Loans ","2023-12-15","40,000.00 ","12","2024-12-13","15","3","18","1","40,000.00 ","0","91150108064001",
,"Small Business Development Loan","998","670","Small Business Loans ","2023-05-22","1,50,000.00 ","12","2024-05-20","15","3","18","1","1,50,000.00 ","0","91150108064001",
,"Small Business Development Loan","1887","671","Small Business Loans ","2023-12-15","1,00,000.00 ","12","2024-12-13","15","3","18","1","1,00,000.00 ","0","91150108064001",
,"Small Business Development Loan","10453","672","Small Business Loans ","2023-04-18","1,00,000.00 ","12","2024-04-16","15","3","18","1","1,00,000.00 ","0","91150108064001",
,"Small Business Development Loan","537","677","Small Business Loans ","2023-11-03","1,00,000.00 ","12","2024-11-01","15","3","18","1","1,00,000.00 ","0","91150108064001",
,"Small Business Development Loan","1305","679","Small Business Loans ","2023-05-30","50,000.00 ","12","2024-05-28","15","3","18","1","50,000.00 ","0","91150108064001",
,"Small Business Development Loan","1306","680","Small Business Loans ","2023-05-30","50,000.00 ","12","2024-05-28","15","3","18","1","50,000.00 ","0","91150108064001",
,"Small Business Development Loan","1307","681","Small Business Loans ","2022-05-31","50,000.00 ","12","2023-05-30","15","3","18","1","50,000.00 ","0","91150108064001",
,"Small Business Development Loan","606","683","Small Business Loans ","2023-05-30","50,000.00 ","12","2024-05-28","15","3","18","1","50,000.00 ","0","91150108064001",
,"Small Business Development Loan","1278","685","Small Business Loans ","2023-07-28","25,000.00 ","12","2024-07-26","15","3","18","1","25,000.00 ","0","91150108064001",
,"Small Business Development Loan","1292","686","Small Business Loans ","2023-09-30","1,00,000.00 ","12","2024-09-28","15","3","18","1","1,00,000.00 ","0","91150108064001",
,"Small Business Development Loan","33","687","Small Business Loans ","2023-06-30","2,00,000.00 ","12","2024-06-28","15","3","18","1","2,00,000.00 ","0","91150108064001",
,"Small Business Development Loan","1744","688","Small Business Loans ","2023-12-30","1,00,000.00 ","12","2024-12-28","15","3","18","1","1,00,000.00 ","0","91150108064001",
,"Small Business Development Loan","1157","690","Small Business Loans ","2023-11-28","84,040.00 ","12","2024-11-26","15","3","18","1","84,040.00 ","0","91150108064001",
,"Small Business Development Loan","1367","691","Small Business Loans ","2023-05-26","50,000.00 ","12","2024-05-24","15","3","18","1","50,000.00 ","0","91150108064001",
,"Small Business Development Loan","413","692","Small Business Loans ","2023-05-26","50,000.00 ","12","2024-05-24","15","3","18","1","50,000.00 ","0","91150108064001",
,"Small Business Development Loan","1931","693","Small Business Loans ","2023-06-14","2,00,000.00 ","12","2024-06-12","15","3","18","1","2,00,000.00 ","0","91150108064001",
,"Small Business Development Loan","48","696","Small Business Loans ","2023-10-30","1,00,000.00 ","12","2024-10-28","15","3","18","1","1,00,000.00 ","0","91150108064001",
,"Small Business Development Loan","1449","699","Small Business Loans ","2023-07-31","2,00,000.00 ","12","2024-07-29","15","3","18","1","2,00,000.00 ","0","91150108064001",
,"Small Business Development Loan","1749","701","Small Business Loans ","2023-07-31","2,00,000.00 ","12","2024-07-29","15","3","18","1","2,00,000.00 ","0","91150108064001",
,"Small Business Development Loan","1539","702","Small Business Loans ","2023-06-06","1,00,000.00 ","12","2024-06-04","15","3","18","1","1,00,000.00 ","0","91150108064001",
,"Small Business Development Loan","1835","705","Small Business Loans ","2023-04-06","1,45,980.00 ","12","2024-04-04","15","3","18","1","1,45,980.00 ","0","91150108064001",
,"Small Business Development Loan","1822","707","Small Business Loans ","2023-06-07","1,00,000.00 ","12","2024-06-05","15","3","18","1","1,00,000.00 ","0","91150108064001",
,"Small Business Development Loan","81","708","Small Business Loans ","2023-09-12","2,00,000.00 ","12","2024-09-10","15","3","18","1","2,00,000.00 ","0","91150108064001",
,"Small Business Development Loan","1369","718","Small Business Loans ","2023-05-24","50,000.00 ","12","2024-05-22","15","3","18","1","50,000.00 ","0","91150108064001",
,"Small Business Development Loan","1441","719","Small Business Loans ","2023-04-21","2,00,000.00 ","12","2024-04-19","15","3","18","1","2,00,000.00 ","0","91150108064001",
,"Small Business Development Loan","1392","722","Small Business Loans ","2023-05-15","1,00,000.00 ","12","2024-05-13","15","3","18","1","1,00,000.00 ","0","91150108064001",
,"Small Business Development Loan","1820","723","Small Business Loans ","2023-06-13","1,50,000.00 ","12","2024-06-11","15","3","18","1","1,50,000.00 ","0","91150108064001",
,"Small Business Development Loan","1830","724","Small Business Loans ","2023-09-06","1,00,000.00 ","12","2024-09-04","15","3","18","1","1,00,000.00 ","0","91150108064001",
,"Small Business Development Loan","474","725","Small Business Loans ","2023-05-29","70,000.00 ","12","2024-05-27","15","3","18","1","70,000.00 ","0","91150108064001",
,"Small Business Development Loan","10400","726","Small Business Loans ","2023-07-17","1,00,000.00 ","12","2024-07-15","15","3","18","1","1,00,000.00 ","0","91150108064001",
,"Small Business Development Loan","1731","729","Small Business Loans ","2023-06-20","50,000.00 ","12","2024-06-18","15","3","18","1","50,000.00 ","0","91150108064001",
,"Small Business Development Loan","1119","730","Small Business Loans ","2024-01-29","2,00,000.00 ","12","2025-01-27","15","3","18","1","2,00,000.00 ","0","91150108064001",
,"Small Business Development Loan","505","731","Small Business Loans ","2023-05-04","1,00,000.00 ","12","2024-05-02","15","3","18","1","1,00,000.00 ","0","91150108064001",
,"Small Business Development Loan","2405","733","Small Business Loans ","2023-10-31","50,000.00 ","12","2024-10-29","15","3","18","1","50,000.00 ","0","91150108064001",
,"Small Business Development Loan","1589","734","Small Business Loans ","2023-11-29","1,00,000.00 ","12","2024-11-27","15","3","18","1","1,00,000.00 ","0","91150108064001",
,"Small Business Development Loan","868","736","Small Business Loans ","2023-06-12","50,000.00 ","12","2024-06-10","15","3","18","1","50,000.00 ","0","91150108064001",
,"Small Business Development Loan","958","738","Small Business Loans ","2023-06-14","50,000.00 ","12","2024-06-12","15","3","18","1","50,000.00 ","0","91150108064001",
,"Small Business Development Loan","367","739","Small Business Loans ","2023-07-19","60,000.00 ","12","2024-07-17","15","3","18","1","60,000.00 ","0","91150108064001",
,"Small Business Development Loan","1617","740","Small Business Loans ","2023-06-26","1,00,000.00 ","12","2024-06-24","15","3","18","1","1,00,000.00 ","0","91150108064001",
,"Small Business Development Loan","481","741","Small Business Loans ","2023-04-28","2,00,000.00 ","12","2024-04-26","15","3","18","1","2,00,000.00 ","0","91150108064001",
,"Small Business Development Loan","26","743","Small Business Loans ","2023-10-26","2,00,000.00 ","12","2024-10-24","15","3","18","1","2,00,000.00 ","0","91150108064001",
,"Small Business Development Loan","10464","744","Small Business Loans ","2023-07-11","30,000.00 ","12","2024-07-09","15","3","18","1","30,000.00 ","0","91150108064001",
,"Small Business Development Loan","1629","745","Small Business Loans ","2023-07-17","50,000.00 ","12","2024-07-15","15","3","18","1","50,000.00 ","0","91150108064001",
,"Small Business Development Loan","1630","746","Small Business Loans ","2023-07-17","50,000.00 ","12","2024-07-15","15","3","18","1","50,000.00 ","0","91150108064001",
,"Small Business Development Loan","1053","747","Small Business Loans ","2023-06-16","1,00,000.00 ","12","2024-06-14","15","3","18","1","1,00,000.00 ","0","91150108064001",
,"Small Business Development Loan","1592","748","Small Business Loans ","2023-06-12","50,000.00 ","12","2024-06-10","15","3","18","1","50,000.00 ","0","91150108064001",
,"Small Business Development Loan","988","749","Small Business Loans ","2023-08-04","60,000.00 ","12","2024-08-02","15","3","18","1","60,000.00 ","0","91150108064001",
,"Small Business Development Loan","227","750","Small Business Loans ","2023-10-05","2,00,000.00 ","12","2024-10-03","15","3","18","1","2,00,000.00 ","0","91150108064001",
,"Small Business Development Loan","1813","752","Small Business Loans ","2023-05-26","2,00,000.00 ","12","2024-05-24","15","3","18","1","2,00,000.00 ","0","91150108064001",
,"Small Business Development Loan","1428","753","Small Business Loans ","2023-12-18","50,000.00 ","12","2024-12-16","15","3","18","1","50,000.00 ","0","91150108064001",
,"Small Business Development Loan","1706","754","Small Business Loans ","2023-07-10","35,000.00 ","12","2024-07-08","15","3","18","1","35,000.00 ","0","91150108064001",
,"Small Business Development Loan","1442","755","Small Business Loans ","2023-09-30","80,000.00 ","12","2024-09-28","15","3","18","1","80,000.00 ","0","91150108064001",
,"Small Business Development Loan","1618","757","Small Business Loans ","2020-07-24","50,000.00 ","12","2021-07-23","15","3","18","1","50,000.00 ","0","91150108064001",
,"Small Business Development Loan","89","758","Small Business Loans ","2020-07-24","1,00,000.00 ","12","2021-07-23","15","3","18","1","1,00,000.00 ","0","91150108064001",
,"Small Business Development Loan","90","760","Small Business Loans ","2023-12-11","2,00,000.00 ","12","2024-12-09","15","3","18","1","2,00,000.00 ","0","91150108064001",
,"Small Business Development Loan","1622","762","Small Business Loans ","2023-09-13","2,00,000.00 ","12","2024-09-11","15","3","18","1","2,00,000.00 ","0","91150108064001",
,"Small Business Development Loan","1624","763","Small Business Loans ","2023-09-04","15,000.00 ","12","2024-09-02","15","3","18","1","15,000.00 ","0","91150108064001",
,"Small Business Development Loan","57","764","Small Business Loans ","2024-03-12","17,000.00 ","12","2025-03-11","15","3","18","1","17,000.00 ","0","91150108064001",
,"Small Business Development Loan","1600","765","Small Business Loans ","2023-05-31","50,000.00 ","12","2024-05-29","15","3","18","1","50,000.00 ","0","91150108064001",
,"Small Business Development Loan","1299","770","Small Business Loans ","2023-08-02","64,000.00 ","12","2024-07-31","15","3","18","1","64,000.00 ","0","91150108064001",
,"Small Business Development Loan","1598","771","Small Business Loans ","2023-07-26","50,000.00 ","12","2024-07-24","15","3","18","1","50,000.00 ","0","91150108064001",
,"Small Business Development Loan","1097","772","Small Business Loans ","2023-08-30","30,000.00 ","12","2024-08-28","15","3","18","1","30,000.00 ","0","91150108064001",
,"Small Business Development Loan","1086","775","Small Business Loans ","2023-07-17","30,000.00 ","12","2024-07-15","15","3","18","1","30,000.00 ","0","91150108064001",
,"Small Business Development Loan","862","776","Small Business Loans ","2023-11-29","1,00,000.00 ","12","2024-11-27","15","3","18","1","1,00,000.00 ","0","91150108064001",
,"Small Business Development Loan","1708","778","Small Business Loans ","2023-11-03","21,000.00 ","12","2024-11-01","15","3","18","1","21,000.00 ","0","91150108064001",
,"Small Business Development Loan","1386","779","Small Business Loans ","2024-03-30","1,70,000.00 ","12","2025-03-29","15","3","18","1","1,70,000.00 ","0","91150108064001",
,"Small Business Development Loan","332","780","Small Business Loans ","2023-10-25","50,000.00 ","12","2024-10-23","15","3","18","1","50,000.00 ","0","91150108064001",
,"Small Business Development Loan","1936","781","Small Business Loans ","2023-07-21","40,000.00 ","12","2024-07-19","15","3","18","1","40,000.00 ","0","91150108064001",
,"Small Business Development Loan","523","784","Small Business Loans ","2023-06-01","1,00,000.00 ","12","2024-05-30","15","3","18","1","1,00,000.00 ","0","91150108064001",
,"Small Business Development Loan","1843","786","Small Business Loans ","2024-03-21","1,90,000.00 ","12","2025-03-20","15","3","18","1","1,90,000.00 ","0","91150108064001",
,"Small Business Development Loan","1712","789","Small Business Loans ","2023-09-12","50,000.00 ","12","2024-09-10","15","3","18","1","50,000.00 ","0","91150108064001",
,"Small Business Development Loan","667","790","Small Business Loans ","2023-09-05","50,000.00 ","12","2024-09-03","15","3","18","1","50,000.00 ","0","91150108064001",
,"Small Business Development Loan","1513","791","Small Business Loans ","2023-10-05","2,00,000.00 ","12","2024-10-03","15","3","18","1","2,00,000.00 ","0","91150108064001",
,"Small Business Development Loan","1754","792","Small Business Loans ","2023-12-18","2,00,000.00 ","12","2024-12-16","15","3","18","1","2,00,000.00 ","0","91150108064001",
,"Small Business Development Loan","1018","794","Small Business Loans ","2023-10-09","25,000.00 ","12","2024-10-07","15","3","18","1","25,000.00 ","0","91150108064001",
,"Small Business Development Loan","191","795","Small Business Loans ","2023-12-30","50,000.00 ","12","2024-12-28","15","3","18","1","50,000.00 ","0","91150108064001",
,"Small Business Development Loan","1346","796","Small Business Loans ","2023-07-03","1,00,000.00 ","12","2024-07-01","15","3","18","2","1,00,000.00 ","0","91150108064001",
,"Small Business Development Loan","593","801","Small Business Loans ","2023-08-23","1,00,000.00 ","12","2024-08-21","15","3","18","2","1,00,000.00 ","0","91150108064001",
,"Small Business Development Loan","1564","803","Small Business Loans ","2023-10-19","1,00,000.00 ","12","2024-10-17","15","3","18","2","1,00,000.00 ","0","91150108064001",
,"Small Business Development Loan","1847","804","Small Business Loans ","2022-12-09","50,000.00 ","12","2023-12-08","15","3","18","2","50,000.00 ","0","91150108064001",
,"Small Business Development Loan","931","805","Small Business Loans ","2024-01-23","1,40,410.00 ","12","2025-01-21","15","3","18","2","1,40,410.00 ","0","91150108064001",
,"Small Business Development Loan","790","807","Small Business Loans ","2023-12-06","2,00,000.00 ","12","2024-12-04","15","3","18","2","2,00,000.00 ","0","91150108064001",
,"Small Business Development Loan","996","810","Small Business Loans ","2023-11-03","2,00,000.00 ","12","2024-11-01","15","3","18","2","2,00,000.00 ","0","91150108064001",
,"Small Business Development Loan","1286","811","Small Business Loans ","2023-06-27","50,000.00 ","12","2024-06-25","15","3","18","2","50,000.00 ","0","91150108064001",
,"Small Business Development Loan","1289","812","Small Business Loans ","2023-06-20","33,000.00 ","12","2024-06-18","15","3","18","2","33,000.00 ","0","91150108064001",
,"Small Business Development Loan","472","813","Small Business Loans ","2023-09-12","50,000.00 ","12","2024-09-10","15","3","18","2","50,000.00 ","0","91150108064001",
,"Small Business Development Loan","812","814","Small Business Loans ","2023-11-28","50,000.00 ","12","2024-11-26","15","3","18","2","50,000.00 ","0","91150108064001",
,"Small Business Development Loan","1855","816","Small Business Loans ","2023-06-02","1,00,000.00 ","12","2024-05-31","15","3","18","2","1,00,000.00 ","0","91150108064001",
,"Small Business Development Loan","2028","817","Small Business Loans ","2023-10-17","1,00,000.00 ","12","2024-10-15","15","3","18","2","1,00,000.00 ","0","91150108064001",
,"Small Business Development Loan","2026","819","Small Business Loans ","2023-11-03","1,00,000.00 ","12","2024-11-01","15","3","18","2","1,00,000.00 ","0","91150108064001",
,"Small Business Development Loan","1828","820","Small Business Loans ","2023-02-22","1,00,000.00 ","12","2024-02-21","15","3","18","2","1,00,000.00 ","0","91150108064001",
,"Small Business Development Loan","1858","821","Small Business Loans ","2023-10-09","30,000.00 ","12","2024-10-07","15","3","18","2","30,000.00 ","0","91150108064001",
,"Small Business Development Loan","705","822","Small Business Loans ","2023-09-19","50,000.00 ","12","2024-09-17","15","3","18","2","50,000.00 ","0","91150108064001",
,"Small Business Development Loan","1533","825","Small Business Loans ","2023-11-03","1,00,000.00 ","12","2024-11-01","15","3","18","2","1,00,000.00 ","0","91150108064001",
,"Small Business Development Loan","759","827","Small Business Loans ","2023-07-18","1,05,000.00 ","12","2024-07-16","15","3","18","2","1,05,000.00 ","0","91150108064001",
,"Small Business Development Loan","1856","829","Small Business Loans ","2023-11-22","1,00,000.00 ","12","2024-11-20","15","3","18","2","1,00,000.00 ","0","91150108064001",
,"Small Business Development Loan","1850","830","Small Business Loans ","2023-08-07","47,000.00 ","12","2024-08-05","15","3","18","2","47,000.00 ","0","91150108064001",
,"Small Business Development Loan","954","831","Small Business Loans ","2023-05-15","2,00,000.00 ","12","2024-05-13","15","3","18","2","2,00,000.00 ","0","91150108064001",
,"Small Business Development Loan","2029","833","Small Business Loans ","2023-08-29","1,00,000.00 ","12","2024-08-27","15","3","18","2","1,00,000.00 ","0","91150108064001",
,"Small Business Development Loan","1345","834","Small Business Loans ","2023-11-13","70,000.00 ","12","2024-11-11","15","3","18","2","70,000.00 ","0","91150108064001",
,"Small Business Development Loan","1493","835","Small Business Loans ","2023-04-13","1,50,000.00 ","12","2024-04-11","15","3","18","2","1,50,000.00 ","0","91150108064001",
,"Small Business Development Loan","1836","836","Small Business Loans ","2023-11-13","2,00,000.00 ","12","2024-11-11","15","3","18","2","2,00,000.00 ","0","91150108064001",
,"Small Business Development Loan","1752","838","Small Business Loans ","2023-06-19","2,00,000.00 ","12","2024-06-17","15","3","18","2","2,00,000.00 ","0","91150108064001",
,"Small Business Development Loan","1349","839","Small Business Loans ","2023-12-30","50,000.00 ","12","2024-12-28","15","3","18","2","50,000.00 ","0","91150108064001",
,"Small Business Development Loan","1537","840","Small Business Loans ","2023-12-11","2,00,000.00 ","12","2024-12-09","15","3","18","2","2,00,000.00 ","0","91150108064001",
,"Small Business Development Loan","1966","841","Small Business Loans ","2023-12-18","1,00,000.00 ","12","2024-12-16","15","3","18","2","1,00,000.00 ","0","91150108064001",
,"Small Business Development Loan","1967","842","Small Business Loans ","2023-12-18","1,00,000.00 ","12","2024-12-16","15","3","18","2","1,00,000.00 ","0","91150108064001",
,"Small Business Development Loan","2014","843","Small Business Loans ","2023-11-22","1,00,000.00 ","12","2024-11-20","15","3","18","2","1,00,000.00 ","0","91150108064001",
,"Small Business Development Loan","2015","844","Small Business Loans ","2023-04-13","1,50,000.00 ","12","2024-04-11","15","3","18","2","1,50,000.00 ","0","91150108064001",
,"Small Business Development Loan","2027","845","Small Business Loans ","2023-10-05","1,00,000.00 ","12","2024-10-03","15","3","18","2","1,00,000.00 ","0","91150108064001",
,"Small Business Development Loan","1726","848","Small Business Loans ","2024-03-30","1,00,000.00 ","12","2025-03-29","15","3","18","2","1,00,000.00 ","0","91150108064001",
,"Small Business Development Loan","1845","849","Small Business Loans ","2023-11-07","50,000.00 ","12","2024-11-05","15","3","18","2","50,000.00 ","0","91150108064001",
,"Small Business Development Loan","755","850","Small Business Loans ","2023-11-23","25,000.00 ","12","2024-11-21","15","3","18","2","25,000.00 ","0","91150108064001",
,"Small Business Development Loan","1627","851","Small Business Loans ","2023-11-29","1,00,000.00 ","12","2024-11-27","15","3","18","2","1,00,000.00 ","0","91150108064001",
,"Small Business Development Loan","1161","852","Small Business Loans ","2022-12-15","25,000.00 ","12","2023-12-14","15","3","18","2","25,000.00 ","0","91150108064001",
,"Small Business Development Loan","130","853","Small Business Loans ","2023-10-31","2,00,000.00 ","12","2024-10-29","15","3","18","2","2,00,000.00 ","0","91150108064001",
,"Small Business Development Loan","1804","856","Small Business Loans ","2024-03-19","2,00,000.00 ","12","2025-03-18","15","3","18","2","2,00,000.00 ","0","91150108064001",
,"Small Business Development Loan","386","858","Small Business Loans ","2024-03-22","1,20,000.00 ","12","2025-03-21","15","3","18","2","1,20,000.00 ","0","91150108064001",
,"Small Business Development Loan","439","860","Small Business Loans ","2024-03-30","1,00,000.00 ","12","2025-03-29","15","3","18","2","1,00,000.00 ","0","91150108064001",
,"Small Business Development Loan","1798","861","Small Business Loans ","2023-06-05","2,00,000.00 ","12","2024-06-03","15","3","18","2","2,00,000.00 ","0","91150108064001",
,"Small Business Development Loan","1584","863","Small Business Loans ","2023-06-23","1,50,000.00 ","12","2024-06-21","15","3","18","2","1,50,000.00 ","0","91150108064001",
,"Small Business Development Loan","2250","864","Small Business Loans ","2023-07-19","50,000.00 ","12","2024-07-17","15","3","18","2","50,000.00 ","0","91150108064001",
,"Small Business Development Loan","297","865","Small Business Loans ","2023-11-18","1,00,000.00 ","12","2024-11-16","15","3","18","2","1,00,000.00 ","0","91150108064001",
,"Small Business Development Loan","565","867","Small Business Loans ","2023-12-11","2,00,000.00 ","12","2024-12-09","15","3","18","2","2,00,000.00 ","0","91150108064001",
,"Small Business Development Loan","1125","869","Small Business Loans ","2024-01-04","95,000.00 ","12","2025-01-02","15","3","18","2","95,000.00 ","0","91150108064001",
,"Small Business Development Loan","2067","870","Small Business Loans ","2024-03-30","2,00,000.00 ","12","2025-03-29","15","3","18","2","2,00,000.00 ","0","91150108064001",
,"Small Business Development Loan","245","871","Small Business Loans ","2023-12-08","1,00,000.00 ","12","2024-12-06","15","3","18","2","1,00,000.00 ","0","91150108064001",
,"Small Business Development Loan","1074","872","Small Business Loans ","2023-05-17","1,00,000.00 ","12","2024-05-15","15","3","18","2","1,00,000.00 ","0","91150108064001",
,"Small Business Development Loan","1859","875","Small Business Loans ","2022-08-26","1,00,000.00 ","12","2023-08-25","15","3","18","2","1,00,000.00 ","0","91150108064001",
,"Small Business Development Loan","1860","876","Small Business Loans ","2023-04-11","2,00,000.00 ","12","2024-04-09","15","3","18","2","2,00,000.00 ","0","91150108064001",
,"Small Business Development Loan","350","877","Small Business Loans ","2023-12-06","2,00,000.00 ","12","2024-12-04","15","3","18","3","2,00,000.00 ","0","91150108064001",
,"Small Business Development Loan","1863","879","Small Business Loans ","2023-12-11","2,00,000.00 ","12","2024-12-09","15","3","18","3","2,00,000.00 ","0","91150108064001",
,"Small Business Development Loan","1714","880","Small Business Loans ","2023-02-28","2,00,000.00 ","12","2024-02-27","15","3","18","3","2,00,000.00 ","0","91150108064001",
,"Small Business Development Loan","1084","881","Small Business Loans ","2024-01-04","2,00,000.00 ","12","2025-01-02","15","3","18","3","2,00,000.00 ","0","91150108064001",
,"Small Business Development Loan","1121","883","Small Business Loans ","2023-09-20","1,00,000.00 ","12","2024-09-18","15","3","18","3","1,00,000.00 ","0","91150108064001",
,"Small Business Development Loan","1347","885","Small Business Loans ","2023-06-03","2,00,000.00 ","12","2024-06-01","15","3","18","3","2,00,000.00 ","0","91150108064001",
,"Small Business Development Loan","1857","886","Small Business Loans ","2024-03-28","2,00,000.00 ","12","2025-03-27","15","3","18","3","2,00,000.00 ","0","91150108064001",
,"Small Business Development Loan","2458","887","Small Business Loans ","2024-03-27","1,99,700.00 ","12","2025-03-26","15","3","18","3","1,99,700.00 ","0","91150108064001",
,"Small Business Development Loan","471","888","Small Business Loans ","2023-10-31","50,000.00 ","12","2024-10-29","15","3","18","3","50,000.00 ","0","91150108064001",
,"Small Business Development Loan","547","889","Small Business Loans ","2022-10-06","50,000.00 ","12","2023-10-05","15","3","18","3","50,000.00 ","0","91150108064001",
,"Small Business Development Loan","810","892","Small Business Loans ","2024-03-12","52,400.00 ","12","2025-03-11","15","3","18","3","52,400.00 ","0","91150108064001",
,"Small Business Development Loan","1582","893","Small Business Loans ","2023-08-10","1,00,000.00 ","12","2024-08-08","15","3","18","3","1,00,000.00 ","0","91150108064001",
,"Small Business Development Loan","1413","894","Small Business Loans ","2023-08-10","1,00,000.00 ","12","2024-08-08","15","3","18","3","1,00,000.00 ","0","91150108064001",
,"Small Business Development Loan","1183","895","Small Business Loans ","2023-04-18","2,00,000.00 ","12","2024-04-16","15","3","18","3","2,00,000.00 ","0","91150108064001",
,"Small Business Development Loan","1520","897","Small Business Loans ","2023-12-16","1,00,000.00 ","12","2024-12-14","15","3","18","3","1,00,000.00 ","0","91150108064001",
,"Small Business Development Loan","1085","898","Small Business Loans ","2023-09-13","2,00,000.00 ","12","2024-09-11","15","3","18","3","2,00,000.00 ","0","91150108064001",
,"Small Business Development Loan","2214","899","Small Business Loans ","2023-05-23","2,00,000.00 ","12","2024-05-21","15","3","18","3","2,00,000.00 ","0","91150108064001",
,"Small Business Development Loan","1057","900","Small Business Loans ","2024-03-30","40,000.00 ","12","2025-03-29","15","3","18","3","40,000.00 ","0","91150108064001",
,"Small Business Development Loan","1204","902","Small Business Loans ","2024-01-16","52,000.00 ","12","2025-01-14","15","3","18","3","52,000.00 ","0","91150108064001",
,"Small Business Development Loan","1719","903","Small Business Loans ","2023-11-22","2,00,000.00 ","12","2024-11-20","15","3","18","3","2,00,000.00 ","0","91150108064001",
,"Small Business Development Loan","1182","904","Small Business Loans ","2024-03-16","25,000.00 ","12","2025-03-15","15","3","18","3","25,000.00 ","0","91150108064001",
,"Small Business Development Loan","1100","905","Small Business Loans ","2024-02-09","50,000.00 ","12","2025-02-07","15","3","18","3","50,000.00 ","0","91150108064001",
,"Small Business Development Loan","1212","906","Small Business Loans ","2024-02-09","50,000.00 ","12","2025-02-07","15","3","18","3","50,000.00 ","0","91150108064001",
,"Small Business Development Loan","479","907","Small Business Loans ","2024-01-04","1,00,000.00 ","12","2025-01-02","15","3","18","3","1,00,000.00 ","0","91150108064001",
,"Small Business Development Loan","1578","908","Small Business Loans ","2023-12-30","50,000.00 ","12","2024-12-28","15","3","18","3","50,000.00 ","0","91150108064001",
,"Small Business Development Loan","1152","909","Small Business Loans ","2024-02-08","2,00,000.00 ","12","2025-02-06","15","3","18","3","2,00,000.00 ","0","91150108064001",
,"Small Business Development Loan","1310","914","Small Business Loans ","2023-05-09","1,00,000.00 ","12","2024-05-07","15","3","18","3","1,00,000.00 ","0","91150108064001",
,"Small Business Development Loan","1418","915","Small Business Loans ","2023-12-26","1,00,000.00 ","12","2024-12-24","15","3","18","3","1,00,000.00 ","0","91150108064001",
,"Small Business Development Loan","1355","919","Small Business Loans ","2023-05-08","1,50,000.00 ","12","2024-05-06","15","3","18","3","1,50,000.00 ","0","91150108064001",
,"Small Business Development Loan","1373","920","Small Business Loans ","2023-12-30","50,000.00 ","12","2024-12-28","15","3","18","3","50,000.00 ","0","91150108064001",
,"Small Business Development Loan","1424","921","Small Business Loans ","2023-05-12","1,00,000.00 ","12","2024-05-10","15","3","18","3","1,00,000.00 ","0","91150108064001",
,"Small Business Development Loan","549","922","Small Business Loans ","2023-12-30","50,000.00 ","12","2024-12-28","15","3","18","3","50,000.00 ","0","91150108064001",
,"Small Business Development Loan","1083","923","Small Business Loans ","2024-03-20","1,50,000.00 ","12","2025-03-19","15","3","18","3","1,50,000.00 ","0","91150108064001",
,"Small Business Development Loan","1079","924","Small Business Loans ","2024-03-14","50,000.00 ","12","2025-03-13","15","3","18","3","50,000.00 ","0","91150108064001",
,"Small Business Development Loan","855","925","Small Business Loans ","2024-01-25","70,000.00 ","12","2025-01-23","15","3","18","3","70,000.00 ","0","91150108064001",
,"Small Business Development Loan","1686","928","Small Business Loans ","2023-12-14","2,00,000.00 ","12","2024-12-12","15","3","18","3","2,00,000.00 ","0","91150108064001",
,"Small Business Development Loan","1867","929","Small Business Loans ","2024-03-19","1,00,000.00 ","12","2025-03-18","15","3","18","3","1,00,000.00 ","0","91150108064001",
,"Small Business Development Loan","1716","932","Small Business Loans ","2024-03-26","1,00,000.00 ","12","2025-03-25","15","3","18","3","1,00,000.00 ","0","91150108064001",
,"Small Business Development Loan","31","933","Small Business Loans ","2024-03-15","1,00,000.00 ","12","2025-03-14","15","3","18","3","1,00,000.00 ","0","91150108064001",
,"Small Business Development Loan","462","934","Small Business Loans ","2024-02-05","1,00,000.00 ","12","2025-02-03","15","3","18","3","1,00,000.00 ","0","91150108064001",
,"Small Business Development Loan","871","935","Small Business Loans ","2023-06-21","1,80,000.00 ","12","2024-06-19","15","3","18","3","1,80,000.00 ","0","91150108064001",
,"Small Business Development Loan","1174","936","Small Business Loans ","2023-12-26","1,00,000.00 ","12","2024-12-24","15","3","18","3","1,00,000.00 ","0","91150108064001",
,"Small Business Development Loan","1730","938","Small Business Loans ","2023-06-21","1,56,000.00 ","12","2024-06-19","15","3","18","3","1,56,000.00 ","0","91150108064001",
,"Small Business Development Loan","507","939","Small Business Loans ","2024-02-12","1,50,000.00 ","12","2025-02-10","15","3","18","3","1,50,000.00 ","0","91150108064001",
,"Small Business Development Loan","1728","940","Small Business Loans ","2024-01-12","1,00,000.00 ","12","2025-01-10","15","3","18","3","1,00,000.00 ","0","91150108064001",
,"Small Business Development Loan","1556","942","Small Business Loans ","2023-09-13","1,50,000.00 ","12","2024-09-11","15","3","18","3","1,50,000.00 ","0","91150108064001",
,"Small Business Development Loan","522","943","Small Business Loans ","2023-01-16","1,00,000.00 ","12","2024-01-15","15","3","18","3","1,00,000.00 ","0","91150108064001",
,"Small Business Development Loan","1169","944","Small Business Loans ","2024-03-12","48,000.00 ","12","2025-03-11","15","3","18","3","48,000.00 ","0","91150108064001",
,"Small Business Development Loan","2091","947","Small Business Loans ","2024-02-08","1,00,000.00 ","12","2025-02-06","15","3","18","3","1,00,000.00 ","0","91150108064001",
,"Small Business Development Loan","1068","949","Small Business Loans ","2024-02-17","30,000.00 ","12","2025-02-15","15","3","18","3","30,000.00 ","0","91150108064001",
,"Small Business Development Loan","1109","950","Small Business Loans ","2024-03-22","1,00,000.00 ","12","2025-03-21","15","3","18","3","1,00,000.00 ","0","91150108064001",
,"Small Business Development Loan","2092","951","Small Business Loans ","2024-01-09","1,50,000.00 ","12","2025-01-07","15","3","18","3","1,50,000.00 ","0","91150108064001",
,"Small Business Development Loan","577","952","Small Business Loans ","2024-02-07","2,00,000.00 ","12","2025-02-05","15","3","18","3","2,00,000.00 ","0","91150108064001",
,"Small Business Development Loan","2094","953","Small Business Loans ","2024-02-05","2,00,000.00 ","12","2025-02-03","15","3","18","3","2,00,000.00 ","0","91150108064001",
,"Small Business Development Loan","1319","955","Small Business Loans ","2023-05-11","2,00,000.00 ","12","2024-05-09","15","3","18","3","2,00,000.00 ","0","91150108064001",
,"Small Business Development Loan","10493","957","Small Business Loans ","2024-02-03","1,00,000.00 ","12","2025-02-01","15","3","18","3","1,00,000.00 ","0","91150108064001",
,"Small Business Development Loan","1108","958","Small Business Loans ","2023-07-15","1,40,000.00 ","12","2024-07-13","15","3","18","3","1,40,000.00 ","0","91150108064001",
,"Small Business Development Loan","1753","960","Small Business Loans ","2023-12-26","1,00,000.00 ","12","2024-12-24","15","3","18","3","1,00,000.00 ","0","91150108064001",
,"Small Business Development Loan","1968","961","Small Business Loans ","2023-11-09","1,00,000.00 ","12","2024-11-07","15","3","18","3","1,00,000.00 ","0","91150108064001",
,"Small Business Development Loan","2234","962","Small Business Loans ","2024-02-16","1,21,000.00 ","12","2025-02-14","15","3","18","3","1,21,000.00 ","0","91150108064001",
,"Small Business Development Loan","1260","963","Small Business Loans ","2024-01-23","1,00,000.00 ","12","2025-01-21","15","3","18","3","1,00,000.00 ","0","91150108064001",
,"Small Business Development Loan","2087","964","Small Business Loans ","2023-08-10","1,00,000.00 ","12","2024-08-08","15","3","18","3","1,00,000.00 ","0","91150108064001",
,"Small Business Development Loan","2090","965","Small Business Loans ","2023-08-01","1,00,000.00 ","12","2024-07-30","15","3","18","3","1,00,000.00 ","0","91150108064001",
,"Small Business Development Loan","632","966","Small Business Loans ","2024-02-23","1,70,000.00 ","12","2025-02-21","15","3","18","3","1,70,000.00 ","0","91150108064001",
,"Small Business Development Loan","1886","967","Small Business Loans ","2024-01-29","25,000.00 ","12","2025-01-27","15","3","18","3","25,000.00 ","0","91150108064001",
,"Small Business Development Loan","1775","968","Small Business Loans ","2024-03-06","50,000.00 ","12","2025-03-05","15","3","18","3","50,000.00 ","0","91150108064001",
,"Small Business Development Loan","746","969","Small Business Loans ","2023-03-31","2,00,000.00 ","12","2024-03-29","15","3","18","3","2,00,000.00 ","0","91150108064001",
,"Small Business Development Loan","395","970","Small Business Loans ","2023-07-14","1,25,000.00 ","12","2024-07-12","15","3","18","3","1,25,000.00 ","0","91150108064001",
,"Small Business Development Loan","2100","971","Small Business Loans ","2023-12-29","2,00,000.00 ","12","2024-12-27","15","3","18","3","2,00,000.00 ","0","91150108064001",
,"Small Business Development Loan","131","973","Small Business Loans ","2024-03-30","1,60,000.00 ","12","2025-03-29","15","3","18","3","1,60,000.00 ","0","91150108064001",
,"Small Business Development Loan","331","974","Small Business Loans ","2024-01-18","2,00,000.00 ","12","2025-01-16","15","3","18","3","2,00,000.00 ","0","91150108064001",
,"Small Business Development Loan","867","975","Small Business Loans ","2023-04-17","2,00,000.00 ","12","2024-04-15","15","3","18","3","2,00,000.00 ","0","91150108064001",
,"Small Business Development Loan","1344","976","Small Business Loans ","2023-03-31","75,000.00 ","12","2024-03-29","15","3","18","3","75,000.00 ","0","91150108064001",
,"Small Business Development Loan","1585","977","Small Business Loans ","2024-03-30","2,00,000.00 ","12","2025-03-29","15","3","18","3","2,00,000.00 ","0","91150108064001",
,"Small Business Development Loan","1745","978","Small Business Loans ","2023-08-28","1,00,000.00 ","12","2024-08-26","15","3","18","3","1,00,000.00 ","0","91150108064001",
,"Small Business Development Loan","1807","979","Small Business Loans ","2024-02-20","1,00,000.00 ","12","2025-02-18","15","3","18","3","1,00,000.00 ","0","91150108064001",
,"Small Business Development Loan","51","980","Small Business Loans ","2024-01-19","25,000.00 ","12","2025-01-17","15","3","18","3","25,000.00 ","0","91150108064001",
,"Small Business Development Loan","59","981","Small Business Loans ","2024-03-18","25,000.00 ","12","2025-03-17","15","3","18","3","25,000.00 ","0","91150108064001",
,"Small Business Development Loan","66","982","Small Business Loans ","2023-12-02","2,00,000.00 ","12","2024-11-30","15","3","18","3","2,00,000.00 ","0","91150108064001",
,"Small Business Development Loan","1623","983","Small Business Loans ","2023-05-09","15,000.00 ","12","2024-05-07","15","3","18","3","15,000.00 ","0","91150108064001",
,"Small Business Development Loan","1883","984","Small Business Loans ","2023-09-30","2,00,000.00 ","12","2024-09-28","15","3","18","3","2,00,000.00 ","0","91150108064001",
,"Small Business Development Loan","201","985","Small Business Loans ","2024-01-23","70,000.00 ","12","2025-01-21","15","3","18","3","70,000.00 ","0","91150108064001",
,"Small Business Development Loan","989","986","Small Business Loans ","2024-01-23","50,000.00 ","12","2025-01-21","15","3","18","3","50,000.00 ","0","91150108064001",
,"Small Business Development Loan","1022","987","Small Business Loans ","2024-02-16","1,00,000.00 ","12","2025-02-14","15","3","18","3","1,00,000.00 ","0","91150108064001",
,"Small Business Development Loan","170","988","Small Business Loans ","2024-01-23","50,000.00 ","12","2025-01-21","15","3","18","3","50,000.00 ","0","91150108064001",
,"Small Business Development Loan","571","989","Small Business Loans ","2024-03-30","2,00,000.00 ","12","2025-03-29","15","3","18","3","2,00,000.00 ","0","91150108064001",
,"Small Business Development Loan","389","990","Small Business Loans ","2023-06-16","2,00,000.00 ","12","2024-06-14","15","3","18","3","2,00,000.00 ","0","91150108064001",
,"Small Business Development Loan","866","991","Small Business Loans ","2024-01-31","50,000.00 ","12","2025-01-29","15","3","18","3","50,000.00 ","0","91150108064001",
,"Small Business Development Loan","11","992","Small Business Loans ","2024-03-30","2,00,000.00 ","12","2025-03-29","15","3","18","3","2,00,000.00 ","0","91150108064001",
,"Small Business Development Loan","1164","993","Small Business Loans ","2023-06-07","30,000.00 ","12","2024-06-05","15","3","18","3","30,000.00 ","0","91150108064001",
,"Small Business Development Loan","1514","995","Small Business Loans ","2024-01-23","50,000.00 ","12","2025-01-21","15","3","18","3","50,000.00 ","0","91150108064001",
,"Small Business Development Loan","1602","996","Small Business Loans ","2024-02-08","50,000.00 ","12","2025-02-06","15","3","18","3","50,000.00 ","0","91150108064001",
,"Small Business Development Loan","803","997","Small Business Loans ","2023-10-06","2,00,000.00 ","12","2024-10-04","15","3","18","3","2,00,000.00 ","0","91150108064001",
,"Small Business Development Loan","1143","998","Small Business Loans ","2023-12-30","1,00,000.00 ","12","2024-12-28","15","3","18","3","1,00,000.00 ","0","91150108064001",
,"Small Business Development Loan","1831","1,000","Small Business Loans ","2023-05-03","2,00,000.00 ","12","2024-05-01","15","3","18","3","2,00,000.00 ","0","91150108064001",
,"Small Business Development Loan","1891","1,001","Small Business Loans ","2024-02-03","40,000.00 ","12","2025-02-01","15","3","18","3","40,000.00 ","0","91150108064001",
,"Small Business Development Loan","2098","1,002","Small Business Loans ","2024-02-03","60,000.00 ","12","2025-02-01","15","3","18","3","60,000.00 ","0","91150108064001",
,"Small Business Development Loan","2121","1,003","Small Business Loans ","2024-02-06","2,00,000.00 ","12","2025-02-04","15","3","18","3","2,00,000.00 ","0","91150108064001",
,"Small Business Development Loan","219","1,004","Small Business Loans ","2024-02-05","62,000.00 ","12","2025-02-03","15","3","18","3","62,000.00 ","0","91150108064001",
,"Small Business Development Loan","265","1,005","Small Business Loans ","2024-02-13","50,000.00 ","12","2025-02-11","15","3","18","3","50,000.00 ","0","91150108064001",
,"Small Business Development Loan","316","1,006","Small Business Loans ","2024-02-13","50,000.00 ","12","2025-02-11","15","3","18","3","50,000.00 ","0","91150108064001",
,"Small Business Development Loan","524","1,008","Small Business Loans ","2024-03-30","1,50,000.00 ","12","2025-03-29","15","3","18","3","1,50,000.00 ","0","91150108064001",
,"Small Business Development Loan","2242","1,009","Small Business Loans ","2024-02-06","1,00,000.00 ","12","2025-02-04","15","3","18","3","1,00,000.00 ","0","91150108064001",
,"Small Business Development Loan","1465","1,011","Small Business Loans ","2023-08-22","2,00,000.00 ","12","2024-08-20","15","3","18","3","2,00,000.00 ","0","91150108064001",
,"Small Business Development Loan","276","1,013","Small Business Loans ","2024-02-06","30,000.00 ","12","2025-02-04","15","3","18","3","30,000.00 ","0","91150108064001",
,"Small Business Development Loan","2382","1,014","Small Business Loans ","2024-03-06","50,000.00 ","12","2025-03-05","15","3","18","3","50,000.00 ","0","91150108064001",
,"Small Business Development Loan","692","1,015","Small Business Loans ","2023-09-13","1,00,000.00 ","12","2024-09-11","15","3","18","3","1,00,000.00 ","0","91150108064001",
,"Small Business Development Loan","10538","1,016","Small Business Loans ","2023-06-12","1,00,000.00 ","12","2024-06-10","15","3","18","3","1,00,000.00 ","0","91150108064001",
,"Small Business Development Loan","1372","1,017","Small Business Loans ","2024-03-01","50,000.00 ","12","2025-02-28","15","3","18","3","50,000.00 ","0","91150108064001",
,"Small Business Development Loan","1561","1,018","Small Business Loans ","2024-01-25","1,00,000.00 ","12","2025-01-23","15","3","18","3","1,00,000.00 ","0","91150108064001",
,"Small Business Development Loan","1699","1,019","Small Business Loans ","2024-03-02","50,000.00 ","12","2025-03-01","15","3","18","3","50,000.00 ","0","91150108064001",
,"Small Business Development Loan","2126","1,020","Small Business Loans ","2023-06-20","2,00,000.00 ","12","2024-06-18","15","3","18","3","2,00,000.00 ","0","91150108064001",
,"Small Business Development Loan","678","1,021","Small Business Loans ","2023-08-03","33,370.00 ","12","2024-08-01","15","3","18","3","33,370.00 ","0","91150108064001",
,"Small Business Development Loan","2099","1,024","Small Business Loans ","2024-03-30","50,000.00 ","12","2025-03-29","15","3","18","3","50,000.00 ","0","91150108064001",
,"Small Business Development Loan","1939","1,025","Small Business Loans ","2024-03-30","50,000.00 ","12","2025-03-29","15","3","18","3","50,000.00 ","0","91150108064001",
,"Small Business Development Loan","1337","1,028","Small Business Loans ","2024-02-06","1,00,000.00 ","12","2025-02-04","15","3","18","3","1,00,000.00 ","0","91150108064001",
,"Small Business Development Loan","1560","1,029","Small Business Loans ","2023-08-29","1,00,000.00 ","12","2024-08-27","15","3","18","4","1,00,000.00 ","0","91150108064001",
,"Small Business Development Loan","1601","1,030","Small Business Loans ","2024-03-11","50,000.00 ","12","2025-03-10","15","3","18","4","50,000.00 ","0","91150108064001",
,"Small Business Development Loan","296","1,031","Small Business Loans ","2023-06-13","1,50,000.00 ","12","2024-06-11","15","3","18","4","1,50,000.00 ","0","91150108064001",
,"Small Business Development Loan","324","1,032","Small Business Loans ","2023-03-31","2,00,000.00 ","12","2024-03-29","15","3","18","4","2,00,000.00 ","0","91150108064001",
,"Small Business Development Loan","518","1,033","Small Business Loans ","2024-03-19","50,000.00 ","12","2025-03-18","15","3","18","4","50,000.00 ","0","91150108064001",
,"Small Business Development Loan","1106","1,034","Small Business Loans ","2023-10-04","37,000.00 ","12","2024-10-02","15","3","18","4","37,000.00 ","0","91150108064001",
,"Small Business Development Loan","1115","1,035","Small Business Loans ","2024-01-23","90,000.00 ","12","2025-01-21","15","3","18","4","90,000.00 ","0","91150108064001",
,"Small Business Development Loan","1203","1,037","Small Business Loans ","2024-02-13","60,000.00 ","12","2025-02-11","15","3","18","4","60,000.00 ","0","91150108064001",
,"Small Business Development Loan","1280","1,038","Small Business Loans ","2022-12-03","1,00,000.00 ","12","2023-12-02","15","3","18","4","1,00,000.00 ","0","91150108064001",
,"Small Business Development Loan","1509","1,039","Small Business Loans ","2024-02-09","70,000.00 ","12","2025-02-07","15","3","18","4","70,000.00 ","0","91150108064001",
,"Small Business Development Loan","594","1,040","Small Business Loans ","2023-06-19","1,00,000.00 ","12","2024-06-17","15","3","18","4","1,00,000.00 ","0","91150108064001",
,"Small Business Development Loan","2325","1,041","Small Business Loans ","2024-01-22","1,00,000.00 ","12","2025-01-20","15","3","18","4","1,00,000.00 ","0","91150108064001",
,"Small Business Development Loan","1220","1,042","Small Business Loans ","2024-03-12","50,000.00 ","12","2025-03-11","15","3","18","4","50,000.00 ","0","91150108064001",
,"Small Business Development Loan","1553","1,043","Small Business Loans ","2022-11-18","1,99,000.00 ","12","2023-11-17","15","3","18","4","1,99,000.00 ","0","91150108064001",
,"Small Business Development Loan","865","1,044","Small Business Loans ","2024-02-06","2,00,000.00 ","12","2025-02-04","15","3","18","4","2,00,000.00 ","0","91150108064001",
,"Small Business Development Loan","811","1,046","Small Business Loans ","2024-02-13","35,000.00 ","12","2025-02-11","15","3","18","4","35,000.00 ","0","91150108064001",
,"Small Business Development Loan","1154","1,047","Small Business Loans ","2024-02-03","1,50,000.00 ","12","2025-02-01","15","3","18","4","1,50,000.00 ","0","91150108064001",
,"Small Business Development Loan","1742","1,049","Small Business Loans ","2024-03-22","1,00,000.00 ","12","2025-03-21","15","3","18","4","1,00,000.00 ","0","91150108064001",
,"Small Business Development Loan","1339","1,051","Small Business Loans ","2024-02-13","50,000.00 ","12","2025-02-11","15","3","18","4","50,000.00 ","0","91150108064001",
,"Small Business Development Loan","1362","1,052","Small Business Loans ","2024-03-30","15,000.00 ","12","2025-03-29","15","3","18","4","15,000.00 ","0","91150108064001",
,"Small Business Development Loan","74","1,053","Small Business Loans ","2024-03-30","1,00,000.00 ","12","2025-03-29","15","3","18","4","1,00,000.00 ","0","91150108064001",
,"Small Business Development Loan","1567","1,054","Small Business Loans ","2024-02-05","1,00,000.00 ","12","2025-02-03","15","3","18","4","1,00,000.00 ","0","91150108064001",
,"Small Business Development Loan","10327","1,055","Small Business Loans ","2024-03-21","1,50,000.00 ","12","2025-03-20","15","3","18","4","1,50,000.00 ","0","91150108064001",
,"Small Business Development Loan","1082","1,057","Small Business Loans ","2023-04-25","1,50,000.00 ","12","2024-04-23","15","3","18","4","1,50,000.00 ","0","91150108064001",
,"Small Business Development Loan","1206","1,059","Small Business Loans ","2024-03-12","50,000.00 ","12","2025-03-11","15","3","18","4","50,000.00 ","0","91150108064001",
,"Small Business Development Loan","1844","1,060","Small Business Loans ","2023-04-24","1,50,000.00 ","12","2024-04-22","15","3","18","4","1,50,000.00 ","0","91150108064001",
,"Small Business Development Loan","499","1,061","Small Business Loans ","2023-05-11","1,00,000.00 ","12","2024-05-09","15","3","18","4","1,00,000.00 ","0","91150108064001",
,"Small Business Development Loan","2107","1,062","Small Business Loans ","2024-02-12","1,00,000.00 ","12","2025-02-10","15","3","18","4","1,00,000.00 ","0","91150108064001",
,"Small Business Development Loan","566","1,064","Small Business Loans ","2023-04-13","2,00,000.00 ","12","2024-04-11","15","3","18","4","2,00,000.00 ","0","91150108064001",
,"Small Business Development Loan","670","1,065","Small Business Loans ","2023-06-20","2,00,000.00 ","12","2024-06-18","15","3","18","4","2,00,000.00 ","0","91150108064001",
,"Small Business Development Loan","1586","1,066","Small Business Loans ","2023-12-26","1,00,000.00 ","12","2024-12-24","15","3","18","4","1,00,000.00 ","0","91150108064001",
,"Small Business Development Loan","874","1,067","Small Business Loans ","2023-05-20","1,00,000.00 ","12","2024-05-18","15","3","18","4","1,00,000.00 ","0","91150108064001",
,"Small Business Development Loan","2141","1,068","Small Business Loans ","2023-07-26","1,50,000.00 ","12","2024-07-24","15","3","18","4","1,50,000.00 ","0","91150108064001",
,"Small Business Development Loan","1982","1,069","Small Business Loans ","2023-12-05","2,00,000.00 ","12","2024-12-03","15","3","18","4","2,00,000.00 ","0","91150108064001",
,"Small Business Development Loan","818","1,070","Small Business Loans ","2023-06-28","2,00,000.00 ","12","2024-06-26","15","3","18","4","2,00,000.00 ","0","91150108064001",
,"Small Business Development Loan","38","1,071","Small Business Loans ","2023-07-18","2,00,000.00 ","12","2024-07-16","15","3","18","4","2,00,000.00 ","0","91150108064001",
,"Small Business Development Loan","10384","1,073","Small Business Loans ","2023-04-29","1,00,000.00 ","12","2024-04-27","15","3","18","4","1,00,000.00 ","0","91150108064001",
,"Small Business Development Loan","1859","1,075","Small Business Loans ","2022-08-26","1,00,000.00 ","12","2023-08-25","15","3","18","4","1,00,000.00 ","0","91150108064001",
,"Small Business Development Loan","2144","1,076","Small Business Loans ","2023-05-09","1,00,000.00 ","12","2024-05-07","15","3","18","4","1,00,000.00 ","0","91150108064001",
,"Small Business Development Loan","326","1,077","Small Business Loans ","2024-03-02","2,00,000.00 ","12","2025-03-01","15","3","18","4","2,00,000.00 ","0","91150108064001",
,"Small Business Development Loan","2104","1,078","Small Business Loans ","2023-06-16","2,00,000.00 ","12","2024-06-14","15","3","18","4","2,00,000.00 ","0","91150108064001",
,"Small Business Development Loan","1902","1,079","Small Business Loans ","2023-04-24","50,000.00 ","12","2024-04-22","15","3","18","4","50,000.00 ","0","91150108064001",
,"Small Business Development Loan","10519","1,080","Small Business Loans ","2023-05-09","2,00,000.00 ","12","2024-05-07","15","3","18","4","2,00,000.00 ","0","91150108064001",
,"Small Business Development Loan","2108","1,082","Small Business Loans ","2023-07-20","1,00,000.00 ","12","2024-07-18","15","3","18","4","1,00,000.00 ","0","91150108064001",
,"Small Business Development Loan","1723","1,086","Small Business Loans ","2023-04-24","50,000.00 ","12","2024-04-22","15","3","18","4","50,000.00 ","0","91150108064001",
,"Small Business Development Loan","2138","1,087","Small Business Loans ","2023-06-27","60,000.00 ","12","2024-06-25","15","3","18","4","60,000.00 ","0","91150108064001",
,"Small Business Development Loan","1354","1,088","Small Business Loans ","2023-06-15","1,00,000.00 ","12","2024-06-13","15","3","18","4","1,00,000.00 ","0","91150108064001",
,"Small Business Development Loan","962","1,089","Small Business Loans ","2023-07-03","1,50,000.00 ","12","2024-07-01","15","3","18","4","1,50,000.00 ","0","91150108064001",
,"Small Business Development Loan","2147","1,090","Small Business Loans ","2023-08-02","1,00,000.00 ","12","2024-07-31","15","3","18","4","1,00,000.00 ","0","91150108064001",
,"Small Business Development Loan","10267","1,095","Small Business Loans ","2023-07-07","2,00,000.00 ","12","2024-07-05","15","3","18","4","2,00,000.00 ","0","91150108064001",
,"Small Business Development Loan","1713","1,098","Small Business Loans ","2023-12-05","2,00,000.00 ","12","2024-12-03","15","3","18","4","2,00,000.00 ","0","91150108064001",
,"Small Business Development Loan","1839","1,099","Small Business Loans ","2023-07-07","1,00,000.00 ","12","2024-07-05","15","3","18","4","1,00,000.00 ","0","91150108064001",
,"Small Business Development Loan","1607","1,100","Small Business Loans ","2023-06-16","1,00,000.00 ","12","2024-06-14","15","3","18","4","1,00,000.00 ","0","91150108064001",
,"Small Business Development Loan","456","1,101","Small Business Loans ","2023-08-02","1,00,000.00 ","12","2024-07-31","15","3","18","4","1,00,000.00 ","0","91150108064001",
,"Small Business Development Loan","2187","1,102","Small Business Loans ","2024-03-30","2,00,000.00 ","12","2025-03-29","15","3","18","4","2,00,000.00 ","0","91150108064001",
,"Small Business Development Loan","1590","1,104","Small Business Loans ","2023-05-06","1,00,000.00 ","12","2024-05-04","15","3","18","4","1,00,000.00 ","0","91150108064001",
,"Small Business Development Loan","2131","1,105","Small Business Loans ","2023-09-16","1,00,000.00 ","12","2024-09-14","15","3","18","4","1,00,000.00 ","0","91150108064001",
,"Small Business Development Loan","2190","1,106","Small Business Loans ","2023-12-08","1,00,000.00 ","12","2024-12-06","15","3","18","4","1,00,000.00 ","0","91150108064001",
,"Small Business Development Loan","2127","1,108","Small Business Loans ","2023-09-30","1,00,000.00 ","12","2024-09-28","15","3","18","4","1,00,000.00 ","0","91150108064001",
,"Small Business Development Loan","148","1,109","Small Business Loans ","2023-03-31","1,00,000.00 ","12","2024-03-29","15","3","18","4","1,00,000.00 ","0","91150108064001",
,"Small Business Development Loan","2179","1,110","Small Business Loans ","2023-11-09","50,000.00 ","12","2024-11-07","15","3","18","4","50,000.00 ","0","91150108064001",
,"Small Business Development Loan","2192","1,113","Small Business Loans ","2024-03-30","1,95,300.00 ","12","2025-03-29","15","3","18","4","1,95,300.00 ","0","91150108064001",
,"Small Business Development Loan","2191","1,114","Small Business Loans ","2023-11-17","1,00,000.00 ","12","2024-11-15","15","3","18","4","1,00,000.00 ","0","91150108064001",
,"Small Business Development Loan","2177","1,115","Small Business Loans ","2023-05-25","2,00,000.00 ","12","2024-05-23","15","3","18","4","2,00,000.00 ","0","91150108064001",
,"Small Business Development Loan","2199","1,117","Small Business Loans ","2023-10-13","50,000.00 ","12","2024-10-11","15","3","18","4","50,000.00 ","0","91150108064001",
,"Small Business Development Loan","644","1,118","Small Business Loans ","2023-08-21","1,00,000.00 ","12","2024-08-19","15","3","18","4","1,00,000.00 ","0","91150108064001",
,"Small Business Development Loan","2171","1,119","Small Business Loans ","2023-02-21","1,00,000.00 ","12","2024-02-20","15","3","18","4","1,00,000.00 ","0","91150108064001",
,"Small Business Development Loan","1357","1,120","Small Business Loans ","2023-09-13","50,000.00 ","12","2024-09-11","15","3","18","4","50,000.00 ","0","91150108064001",
,"Small Business Development Loan","921","1,121","Small Business Loans ","2023-06-26","2,00,000.00 ","12","2024-06-24","15","3","18","4","2,00,000.00 ","0","91150108064001",
,"Small Business Development Loan","655","1,122","Small Business Loans ","2022-02-09","1,00,000.00 ","12","2023-02-08","15","3","18","4","1,00,000.00 ","0","91150108064001",
,"Small Business Development Loan","1522","1,124","Small Business Loans ","2023-11-16","2,00,000.00 ","12","2024-11-14","15","3","18","4","2,00,000.00 ","0","91150108064001",
,"Small Business Development Loan","293","1,125","Small Business Loans ","2023-09-19","2,00,000.00 ","12","2024-09-17","15","3","18","4","2,00,000.00 ","0","91150108064001",
,"Small Business Development Loan","2205","1,126","Small Business Loans ","2023-07-19","2,00,000.00 ","12","2024-07-17","15","3","18","4","2,00,000.00 ","0","91150108064001",
,"Small Business Development Loan","2198","1,128","Small Business Loans ","2023-05-05","2,00,000.00 ","12","2024-05-03","15","3","18","4","2,00,000.00 ","0","91150108064001",
,"Small Business Development Loan","2088","1,129","Small Business Loans ","2023-11-24","1,00,000.00 ","12","2024-11-22","15","3","18","4","1,00,000.00 ","0","91150108064001",
,"Small Business Development Loan","815","1,130","Small Business Loans ","2024-03-22","1,00,000.00 ","12","2025-03-21","15","3","18","4","1,00,000.00 ","0","91150108064001",
,"Small Business Development Loan","118","1,134","Small Business Loans ","2023-06-15","1,00,000.00 ","12","2024-06-13","15","3","18","4","1,00,000.00 ","0","91150108064001",
,"Small Business Development Loan","2246","1,135","Small Business Loans ","2023-04-18","1,00,000.00 ","12","2024-04-16","15","3","18","4","1,00,000.00 ","0","91150108064001",
,"Small Business Development Loan","2156","1,136","Small Business Loans ","2023-04-25","50,000.00 ","12","2024-04-23","15","3","18","4","50,000.00 ","0","91150108064001",
,"Small Business Development Loan","515","1,139","Small Business Loans ","2023-04-19","1,00,000.00 ","12","2024-04-17","15","3","18","4","1,00,000.00 ","0","91150108064001",
,"Small Business Development Loan","2248","1,140","Small Business Loans ","2023-08-01","1,50,000.00 ","12","2024-07-30","15","3","18","4","1,50,000.00 ","0","91150108064001",
,"Small Business Development Loan","1977","1,141","Small Business Loans ","2023-06-23","1,00,000.00 ","12","2024-06-21","15","3","18","4","1,00,000.00 ","0","91150108064001",
,"Small Business Development Loan","1580","1,142","Small Business Loans ","2023-04-17","2,00,000.00 ","12","2024-04-15","15","3","18","4","2,00,000.00 ","0","91150108064001",
,"Small Business Development Loan","2247","1,143","Small Business Loans ","2023-09-13","1,00,000.00 ","12","2024-09-11","15","3","18","4","1,00,000.00 ","0","91150108064001",
,"Small Business Development Loan","1087","1,144","Small Business Loans ","2023-04-05","2,00,000.00 ","12","2024-04-03","15","3","18","4","2,00,000.00 ","0","91150108064001",
,"Small Business Development Loan","2145","1,145","Small Business Loans ","2023-04-18","1,00,000.00 ","12","2024-04-16","15","3","18","4","1,00,000.00 ","0","91150108064001",
,"Small Business Development Loan","1819","1,146","Small Business Loans ","2023-04-28","50,000.00 ","12","2024-04-26","15","3","18","4","50,000.00 ","0","91150108064001",
,"Small Business Development Loan","2249","1,147","Small Business Loans ","2023-09-15","2,00,000.00 ","12","2024-09-13","15","3","18","4","2,00,000.00 ","0","91150108064001",
,"Small Business Development Loan","2251","1,148","Small Business Loans ","2023-09-04","2,00,000.00 ","12","2024-09-02","15","3","18","4","2,00,000.00 ","0","91150108064001",
,"Small Business Development Loan","2254","1,149","Small Business Loans ","2023-06-06","1,00,000.00 ","12","2024-06-04","15","3","18","4","1,00,000.00 ","0","91150108064001",
,"Small Business Development Loan","2244","1,150","Small Business Loans ","2023-08-04","2,00,000.00 ","12","2024-08-02","15","3","18","4","2,00,000.00 ","0","91150108064001",
,"Small Business Development Loan","2139","1,151","Small Business Loans ","2023-06-14","1,00,000.00 ","12","2024-06-12","15","3","18","4","1,00,000.00 ","0","91150108064001",
,"Small Business Development Loan","2256","1,152","Small Business Loans ","2023-06-30","1,50,000.00 ","12","2024-06-28","15","3","18","4","1,50,000.00 ","0","91150108064001",
,"Small Business Development Loan","2203","1,154","Small Business Loans ","2023-07-05","2,00,000.00 ","12","2024-07-03","15","3","18","4","2,00,000.00 ","0","91150108064001",
,"Small Business Development Loan","643","1,155","Small Business Loans ","2023-06-26","2,00,000.00 ","12","2024-06-24","15","3","18","4","2,00,000.00 ","0","91150108064001",
,"Small Business Development Loan","2265","1,156","Small Business Loans ","2023-06-30","1,00,000.00 ","12","2024-06-28","15","3","18","4","1,00,000.00 ","0","91150108064001",
,"Small Business Development Loan","220","1,157","Small Business Loans ","2023-07-19","1,21,190.00 ","12","2024-07-17","15","3","18","4","1,21,190.00 ","0","91150108064001",
,"Small Business Development Loan","2165","1,158","Small Business Loans ","2023-06-30","1,00,000.00 ","12","2024-06-28","15","3","18","4","1,00,000.00 ","0","91150108064001",
,"Small Business Development Loan","791","1,159","Small Business Loans ","2024-03-16","2,00,000.00 ","12","2025-03-15","15","3","18","4","2,00,000.00 ","0","91150108064001",
,"Small Business Development Loan","525","1,160","Small Business Loans ","2023-05-29","2,00,000.00 ","12","2024-05-27","15","3","18","4","2,00,000.00 ","0","91150108064001",
,"Small Business Development Loan","85","1,162","Small Business Loans ","2023-06-30","2,00,000.00 ","12","2024-06-28","15","3","18","4","2,00,000.00 ","0","91150108064001",
,"Small Business Development Loan","1783","1,163","Small Business Loans ","2023-08-18","2,00,000.00 ","12","2024-08-16","15","3","18","4","2,00,000.00 ","0","91150108064001",
,"Small Business Development Loan","2288","1,164","Small Business Loans ","2023-07-24","2,00,000.00 ","12","2024-07-22","15","3","18","4","2,00,000.00 ","0","91150108064001",
,"Small Business Development Loan","2153","1,165","Small Business Loans ","2023-08-28","2,00,000.00 ","12","2024-08-26","15","3","18","4","2,00,000.00 ","0","91150108064001",
,"Small Business Development Loan","567","1,166","Small Business Loans ","2023-09-15","25,000.00 ","12","2024-09-13","15","3","18","4","25,000.00 ","0","91150108064001",
,"Small Business Development Loan","1738","1,167","Small Business Loans ","2023-08-22","2,00,000.00 ","12","2024-08-20","15","3","18","4","2,00,000.00 ","0","91150108064001",
,"Small Business Development Loan","67","1,168","Small Business Loans ","2023-09-12","50,000.00 ","12","2024-09-10","15","3","18","4","50,000.00 ","0","91150108064001",
,"Small Business Development Loan","2272","1,169","Small Business Loans ","2023-09-01","2,00,000.00 ","12","2024-08-30","15","3","18","4","2,00,000.00 ","0","91150108064001",
,"Small Business Development Loan","1197","1,170","Small Business Loans ","2023-09-01","2,00,000.00 ","12","2024-08-30","15","3","18","4","2,00,000.00 ","0","91150108064001",
,"Small Business Development Loan","2294","1,171","Small Business Loans ","2023-11-22","2,00,000.00 ","12","2024-11-20","15","3","18","4","2,00,000.00 ","0","91150108064001",
,"Small Business Development Loan","2306","1,172","Small Business Loans ","2023-11-15","1,00,000.00 ","12","2024-11-13","15","3","18","4","1,00,000.00 ","0","91150108064001",
,"Small Business Development Loan","1191","1,173","Small Business Loans ","2023-10-31","1,00,000.00 ","12","2024-10-29","15","3","18","4","1,00,000.00 ","0","91150108064001",
,"Small Business Development Loan","2297","1,174","Small Business Loans ","2023-11-21","2,00,000.00 ","12","2024-11-19","15","3","18","4","2,00,000.00 ","0","91150108064001",
,"Small Business Development Loan","2296","1,175","Small Business Loans ","2023-12-26","1,00,000.00 ","12","2024-12-24","15","3","18","4","1,00,000.00 ","0","91150108064001",
,"Small Business Development Loan","150","1,177","Small Business Loans ","2023-12-06","2,00,000.00 ","12","2024-12-04","15","3","18","4","2,00,000.00 ","0","91150108064001",
,"Small Business Development Loan","2299","1,178","Small Business Loans ","2023-12-04","1,00,000.00 ","12","2024-12-02","15","3","18","4","1,00,000.00 ","0","91150108064001",
,"Small Business Development Loan","2315","1,179","Small Business Loans ","2023-12-08","2,00,000.00 ","12","2024-12-06","15","3","18","4","2,00,000.00 ","0","91150108064001",
,"Small Business Development Loan","1268","1,180","Small Business Loans ","2023-11-10","1,00,000.00 ","12","2024-11-08","15","3","18","4","1,00,000.00 ","0","91150108064001",
,"Small Business Development Loan","640","1,181","Small Business Loans ","2023-12-01","1,00,000.00 ","12","2024-11-29","15","3","18","4","1,00,000.00 ","0","91150108064001",
,"Small Business Development Loan","2268","1,182","Small Business Loans ","2023-12-02","2,00,000.00 ","12","2024-11-30","15","3","18","4","2,00,000.00 ","0","91150108064001",
,"Small Business Development Loan","2318","1,183","Small Business Loans ","2023-03-31","1,00,000.00 ","12","2024-03-29","15","3","18","4","1,00,000.00 ","0","91150108064001",
,"Small Business Development Loan","2277","1,184","Small Business Loans ","2024-03-27","50,000.00 ","12","2025-03-26","15","3","18","4","50,000.00 ","0","91150108064001",
,"Small Business Development Loan","2323","1,185","Small Business Loans ","2023-10-18","1,00,000.00 ","12","2024-10-16","15","3","18","4","1,00,000.00 ","0","91150108064001",
,"Small Business Development Loan","1242","1,186","Small Business Loans ","2023-12-07","1,00,000.00 ","12","2024-12-05","15","3","18","4","1,00,000.00 ","0","91150108064001",
,"Small Business Development Loan","2304","1,187","Small Business Loans ","2024-02-03","50,000.00 ","12","2025-02-01","15","3","18","4","50,000.00 ","0","91150108064001",
,"Small Business Development Loan","2322","1,188","Small Business Loans ","2024-03-26","1,00,000.00 ","12","2025-03-25","15","3","18","4","1,00,000.00 ","0","91150108064001",
,"Small Business Development Loan","587","1,189","Small Business Loans ","2024-01-06","2,00,000.00 ","12","2025-01-04","15","3","18","4","2,00,000.00 ","0","91150108064001",
,"Small Business Development Loan","2120","1,190","Small Business Loans ","2024-02-02","50,000.00 ","12","2025-01-31","15","3","18","4","50,000.00 ","0","91150108064001",
,"Small Business Development Loan","2316","1,191","Small Business Loans ","2024-03-04","1,00,000.00 ","12","2025-03-03","15","3","18","4","1,00,000.00 ","0","91150108064001",
,"Small Business Development Loan","2313","1,192","Small Business Loans ","2024-03-30","72,060.00 ","12","2025-03-29","15","3","18","4","72,060.00 ","0","91150108064001",
,"Small Business Development Loan","1269","1,193","Small Business Loans ","2024-02-20","1,00,000.00 ","12","2025-02-18","15","3","18","4","1,00,000.00 ","0","91150108064001",
,"Small Business Development Loan","2352","1,194","Small Business Loans ","2024-02-20","1,00,000.00 ","12","2025-02-18","15","3","18","4","1,00,000.00 ","0","91150108064001",
,"Small Business Development Loan","2389","1,196","Small Business Loans ","2024-03-30","1,00,000.00 ","12","2025-03-29","15","3","18","4","1,00,000.00 ","0","91150108064001",
,"Small Business Development Loan","2103","1,197","Small Business Loans ","2023-04-28","1,00,000.00 ","12","2024-04-26","15","3","18","4","1,00,000.00 ","0","91150108064001",
,"Small Business Development Loan","863","1,198","Small Business Loans ","2023-04-05","1,00,000.00 ","12","2024-04-03","15","3","18","4","1,00,000.00 ","0","91150108064001",
,"Small Business Development Loan","2319","1,200","Small Business Loans ","2023-05-30","1,00,000.00 ","12","2024-05-28","15","3","18","4","1,00,000.00 ","0","91150108064001",
,"Small Business Development Loan","10324","1,201","Small Business Loans ","2023-05-23","2,00,000.00 ","12","2024-05-21","15","3","18","4","2,00,000.00 ","0","91150108064001",
,"Small Business Development Loan","473","1,202","Small Business Loans ","2023-05-18","2,00,000.00 ","12","2024-05-16","15","3","18","4","2,00,000.00 ","0","91150108064001",
,"Small Business Development Loan","2172","1,203","Small Business Loans ","2023-05-17","1,00,000.00 ","12","2024-05-15","15","3","18","4","1,00,000.00 ","0","91150108064001",
,"Small Business Development Loan","2394","1,205","Small Business Loans ","2023-05-22","1,00,000.00 ","12","2024-05-20","15","3","18","4","1,00,000.00 ","0","91150108064001",
,"Small Business Development Loan","155","1,206","Small Business Loans ","2023-08-02","1,80,000.00 ","12","2024-07-31","15","3","18","4","1,80,000.00 ","0","91150108064001",
,"Small Business Development Loan","2188","1,207","Small Business Loans ","2023-05-08","50,000.00 ","12","2024-05-06","15","3","18","4","50,000.00 ","0","91150108064001",
,"Small Business Development Loan","2402","1,208","Small Business Loans ","2023-06-27","1,00,000.00 ","12","2024-06-25","15","3","18","4","1,00,000.00 ","0","91150108064001",
,"Small Business Development Loan","2399","1,209","Small Business Loans ","2023-06-16","50,000.00 ","12","2024-06-14","15","3","18","4","50,000.00 ","0","91150108064001",
,"Small Business Development Loan","2391","1,210","Small Business Loans ","2023-06-05","1,00,000.00 ","12","2024-06-03","15","3","18","4","1,00,000.00 ","0","91150108064001",
,"Small Business Development Loan","2410","1,211","Small Business Loans ","2023-06-19","1,00,000.00 ","12","2024-06-17","15","3","18","4","1,00,000.00 ","0","91150108064001",
,"Small Business Development Loan","966","1,212","Small Business Loans ","2022-06-28","1,00,000.00 ","12","2023-06-27","15","3","18","4","1,00,000.00 ","0","91150108064001",
,"Small Business Development Loan","2387","1,213","Small Business Loans ","2023-06-27","50,000.00 ","12","2024-06-25","15","3","18","4","50,000.00 ","0","91150108064001",
,"Small Business Development Loan","2403","1,214","Small Business Loans ","2023-06-27","90,000.00 ","12","2024-06-25","15","3","18","4","90,000.00 ","0","91150108064001",
,"Small Business Development Loan","1801","1,215","Small Business Loans ","2023-06-30","1,00,000.00 ","12","2024-06-28","15","3","18","4","1,00,000.00 ","0","91150108064001",
,"Small Business Development Loan","1815","1,216","Small Business Loans ","2023-06-08","1,00,000.00 ","12","2024-06-06","15","3","18","4","1,00,000.00 ","0","91150108064001",
,"Small Business Development Loan","2395","1,217","Small Business Loans ","2023-07-25","1,00,000.00 ","12","2024-07-23","15","3","18","4","1,00,000.00 ","0","91150108064001",
,"Small Business Development Loan","2417","1,218","Small Business Loans ","2023-07-18","1,00,000.00 ","12","2024-07-16","15","3","18","4","1,00,000.00 ","0","91150108064001",
,"Small Business Development Loan","1128","1,219","Small Business Loans ","2023-07-19","2,00,000.00 ","12","2024-07-17","15","3","18","4","2,00,000.00 ","0","91150108064001",
,"Small Business Development Loan","697","1,220","Small Business Loans ","2023-07-18","1,00,000.00 ","12","2024-07-16","15","3","18","4","1,00,000.00 ","0","91150108064001",
,"Small Business Development Loan","2419","1,221","Small Business Loans ","2023-07-14","2,00,000.00 ","12","2024-07-12","15","3","18","4","2,00,000.00 ","0","91150108064001",
,"Small Business Development Loan","1608","1,222","Small Business Loans ","2023-08-02","1,60,000.00 ","12","2024-07-31","15","3","18","4","1,60,000.00 ","0","91150108064001",
,"Small Business Development Loan","2423","1,223","Small Business Loans ","2023-08-18","2,00,000.00 ","12","2024-08-16","15","3","18","4","2,00,000.00 ","0","91150108064001",
,"Small Business Development Loan","2421","1,224","Small Business Loans ","2023-08-08","2,00,000.00 ","12","2024-08-06","15","3","18","4","2,00,000.00 ","0","91150108064001",
,"Small Business Development Loan","700","1,225","Small Business Loans ","2023-07-31","2,00,000.00 ","12","2024-07-29","15","3","18","4","2,00,000.00 ","0","91150108064001",
,"Small Business Development Loan","277","1,226","Small Business Loans ","2023-08-11","1,00,000.00 ","12","2024-08-09","15","3","18","4","1,00,000.00 ","0","91150108064001",
,"Small Business Development Loan","662","1,228","Small Business Loans ","2023-09-11","1,00,000.00 ","12","2024-09-09","15","3","18","4","1,00,000.00 ","0","91150108064001",
,"Small Business Development Loan","2369","1,229","Small Business Loans ","2023-09-30","1,50,000.00 ","12","2024-09-28","15","3","18","4","1,50,000.00 ","0","91150108064001",
,"Small Business Development Loan","777","1,230","Small Business Loans ","2023-09-30","1,00,000.00 ","12","2024-09-28","15","3","18","4","1,00,000.00 ","0","91150108064001",
,"Small Business Development Loan","2434","1,231","Small Business Loans ","2023-11-27","1,00,000.00 ","12","2024-11-25","15","3","18","4","1,00,000.00 ","0","91150108064001",
,"Small Business Development Loan","2435","1,232","Small Business Loans ","2023-11-10","1,00,000.00 ","12","2024-11-08","15","3","18","4","1,00,000.00 ","0","91150108064001",
,"Small Business Development Loan","2411","1,233","Small Business Loans ","2023-10-27","50,000.00 ","12","2024-10-25","15","3","18","4","50,000.00 ","0","91150108064001",
,"Small Business Development Loan","2392","1,235","Small Business Loans ","2023-11-29","2,00,000.00 ","12","2024-11-27","15","3","18","4","2,00,000.00 ","0","91150108064001",
,"Small Business Development Loan","1571","1,236","Small Business Loans ","2024-02-05","1,60,347.00 ","12","2025-02-03","15","3","18","4","1,60,347.00 ","0","91150108064001",
,"Small Business Development Loan","2326","1,237","Small Business Loans ","2023-12-28","2,00,000.00 ","12","2024-12-26","15","3","18","4","2,00,000.00 ","0","91150108064001",
,"Small Business Development Loan","1970","1,238","Small Business Loans ","2024-02-06","2,00,000.00 ","12","2025-02-04","15","3","18","4","2,00,000.00 ","0","91150108064001",
,"Small Business Development Loan","2418","1,239","Small Business Loans ","2023-12-30","1,00,000.00 ","12","2024-12-28","15","3","18","4","1,00,000.00 ","0","91150108064001",
,"Small Business Development Loan","2431","1,240","Small Business Loans ","2023-12-13","2,00,000.00 ","12","2024-12-11","15","3","18","4","2,00,000.00 ","0","91150108064001",
,"Small Business Development Loan","2449","1,241","Small Business Loans ","2023-09-13","2,00,000.00 ","12","2024-09-11","15","3","18","4","2,00,000.00 ","0","91150108064001",
,"Small Business Development Loan","2448","1,242","Small Business Loans ","2024-01-01","1,50,000.00 ","12","2024-12-30","15","3","18","4","1,50,000.00 ","0","91150108064001",
,"Small Business Development Loan","2450","1,243","Small Business Loans ","2024-03-11","1,50,000.00 ","12","2025-03-10","15","3","18","4","1,50,000.00 ","0","91150108064001",
,"Small Business Development Loan","10531","1,244","Small Business Loans ","2024-01-08","2,00,000.00 ","12","2025-01-06","15","3","18","4","2,00,000.00 ","0","91150108064001",
,"Small Business Development Loan","2459","1,245","Small Business Loans ","2023-03-07","1,00,000.00 ","12","2024-03-05","15","3","18","4","1,00,000.00 ","0","91150108064001",
,"Small Business Development Loan","596","1,246","Small Business Loans ","2024-03-07","2,00,000.00 ","12","2025-03-06","15","3","18","4","2,00,000.00 ","0","91150108064001",
,"Small Business Development Loan","2447","1,247","Small Business Loans ","2024-03-21","2,00,000.00 ","12","2025-03-20","15","3","18","4","2,00,000.00 ","0","91150108064001",
,"Small Business Development Loan","2474","1,248","Small Business Loans ","2023-05-31","1,00,000.00 ","12","2024-05-29","15","3","18","4","1,00,000.00 ","0","91150108064001",
,"Small Business Development Loan","2473","1,249","Small Business Loans ","2023-06-02","1,00,000.00 ","12","2024-05-31","15","3","18","4","1,00,000.00 ","0","91150108064001",
,"Small Business Development Loan","2452","1,250","Small Business Loans ","2023-06-03","2,00,000.00 ","12","2024-06-01","15","3","18","4","2,00,000.00 ","0","91150108064001",
,"Small Business Development Loan","2475","1,251","Small Business Loans ","2023-12-05","1,00,000.00 ","12","2024-12-03","15","3","18","4","1,00,000.00 ","0","91150108064001",
,"Small Business Development Loan","2461","1,252","Small Business Loans ","2024-01-11","1,14,630.00 ","12","2025-01-09","15","3","18","4","1,14,630.00 ","0","91150108064001",
,"Small Business Development Loan","2275","1,253","Small Business Loans ","2023-06-27","1,00,000.00 ","12","2024-06-25","15","3","18","4","1,00,000.00 ","0","91150108064001",
,"Small Business Development Loan","1036","1,254","Small Business Loans ","2023-07-01","1,00,000.00 ","12","2024-06-29","15","3","18","4","1,00,000.00 ","0","91150108064001",
,"Small Business Development Loan","2482","1,256","Small Business Loans ","2023-07-18","1,00,000.00 ","12","2024-07-16","15","3","18","4","1,00,000.00 ","0","91150108064001",
,"Small Business Development Loan","2491","1,257","Small Business Loans ","2023-07-21","1,00,000.00 ","12","2024-07-19","15","3","18","4","1,00,000.00 ","0","91150108064001",
,"Small Business Development Loan","2488","1,258","Small Business Loans ","2023-08-10","1,50,000.00 ","12","2024-08-08","15","3","18","4","1,50,000.00 ","0","91150108064001",
,"Small Business Development Loan","2485","1,259","Small Business Loans ","2023-08-14","1,00,000.00 ","12","2024-08-12","15","3","18","4","1,00,000.00 ","0","91150108064001",
,"Small Business Development Loan","1851","1,260","Small Business Loans ","2023-08-14","1,50,000.00 ","12","2024-08-12","15","3","18","4","1,50,000.00 ","0","91150108064001",
,"Small Business Development Loan","2133","1,261","Small Business Loans ","2023-08-16","1,50,000.00 ","12","2024-08-14","15","3","18","4","1,50,000.00 ","0","91150108064001",
,"Small Business Development Loan","497","1,262","Small Business Loans ","2024-02-09","5,000.00 ","12","2025-02-07","15","3","18","4","5,000.00 ","0","91150108064001",
,"Small Business Development Loan","1287","1,263","Small Business Loans ","2023-08-17","1,00,000.00 ","12","2024-08-15","15","3","18","4","1,00,000.00 ","0","91150108064001",
,"Small Business Development Loan","321","1,264","Small Business Loans ","2023-10-05","2,00,000.00 ","12","2024-10-03","15","3","18","4","2,00,000.00 ","0","91150108064001",
,"Small Business Development Loan","513","1,265","Small Business Loans ","2023-08-23","1,00,000.00 ","12","2024-08-21","15","3","18","4","1,00,000.00 ","0","91150108064001",
,"Small Business Development Loan","10521","1,266","Small Business Loans ","2023-08-29","1,50,000.00 ","12","2024-08-27","15","3","18","4","1,50,000.00 ","0","91150108064001",
,"Small Business Development Loan","2489","1,267","Small Business Loans ","2023-09-04","1,50,000.00 ","12","2024-09-02","15","3","18","4","1,50,000.00 ","0","91150108064001",
,"Small Business Development Loan","1748","1,268","Small Business Loans ","2023-09-11","1,50,000.00 ","12","2024-09-09","15","3","18","4","1,50,000.00 ","0","91150108064001",
,"Small Business Development Loan","2505","1,269","Small Business Loans ","2023-09-12","1,00,000.00 ","12","2024-09-10","15","3","18","4","1,00,000.00 ","0","91150108064001",
,"Small Business Development Loan","2465","1,270","Small Business Loans ","2023-11-03","2,00,000.00 ","12","2024-11-01","15","3","18","4","2,00,000.00 ","0","91150108064001",
,"Small Business Development Loan","2059","1,271","Small Business Loans ","2023-10-19","2,00,000.00 ","12","2024-10-17","15","3","18","4","2,00,000.00 ","0","91150108064001",
,"Small Business Development Loan","912","1,272","Small Business Loans ","2023-09-25","1,50,000.00 ","12","2024-09-23","15","3","18","4","1,50,000.00 ","0","91150108064001",
,"Small Business Development Loan","2463","1,273","Small Business Loans ","2023-09-27","1,00,000.00 ","12","2024-09-25","15","3","18","4","1,00,000.00 ","0","91150108064001",
,"Small Business Development Loan","2512","1,274","Small Business Loans ","2023-09-27","50,000.00 ","12","2024-09-25","15","3","18","4","50,000.00 ","0","91150108064001",
,"Small Business Development Loan","2030","1,275","Small Business Loans ","2023-09-29","1,00,000.00 ","12","2024-09-27","15","3","18","4","1,00,000.00 ","0","91150108064001",
,"Small Business Development Loan","2502","1,276","Small Business Loans ","2023-10-03","1,00,000.00 ","12","2024-10-01","15","3","18","4","1,00,000.00 ","0","91150108064001",
,"Small Business Development Loan","10537","1,277","Small Business Loans ","2023-10-06","1,00,000.00 ","12","2024-10-04","15","3","18","4","1,00,000.00 ","0","91150108064001",
,"Small Business Development Loan","10355","1,278","Small Business Loans ","2023-10-16","1,00,000.00 ","12","2024-10-14","15","3","18","4","1,00,000.00 ","0","91150108064001",
,"Small Business Development Loan","2506","1,279","Small Business Loans ","2023-11-03","1,00,000.00 ","12","2024-11-01","15","3","18","4","1,00,000.00 ","0","91150108064001",
,"Small Business Development Loan","2508","1,280","Small Business Loans ","2023-11-23","1,00,000.00 ","12","2024-11-21","15","3","18","4","1,00,000.00 ","0","91150108064001",
,"Small Business Development Loan","1945","1,281","Small Business Loans ","2023-11-29","1,00,000.00 ","12","2024-11-27","15","3","18","4","1,00,000.00 ","0","91150108064001",
,"Small Business Development Loan","2523","1,282","Small Business Loans ","2023-12-26","2,00,000.00 ","12","2024-12-24","15","3","18","4","2,00,000.00 ","0","91150108064001",
,"Small Business Development Loan","2543","1,283","Small Business Loans ","2024-01-29","2,00,000.00 ","12","2025-01-27","15","3","18","4","2,00,000.00 ","0","91150108064001",
,"Small Business Development Loan","2543","1,284","Small Business Loans ","2024-01-29","2,00,000.00 ","12","2025-01-27","15","3","18","4","2,00,000.00 ","0","91150108064001",
,"Small Business Development Loan","2550","1,285","Small Business Loans ","2024-02-27","1,00,000.00 ","12","2025-02-25","15","3","18","4","1,00,000.00 ","0","91150108064001",
,"Small Business Development Loan","2554","1,286","Small Business Loans ","2024-03-15","1,50,000.00 ","12","2025-03-14","15","3","18","4","1,50,000.00 ","0","91150108064001",
